-- phpMyAdmin SQL Dump
-- version 4.8.5
-- https://www.phpmyadmin.net/
--
-- Host: 127.0.0.1
-- Generation Time: Jul 02, 2019 at 04:31 AM
-- Server version: 10.1.38-MariaDB
-- PHP Version: 7.3.4

SET SQL_MODE = "NO_AUTO_VALUE_ON_ZERO";
SET AUTOCOMMIT = 0;
START TRANSACTION;
SET time_zone = "+00:00";


/*!40101 SET @OLD_CHARACTER_SET_CLIENT=@@CHARACTER_SET_CLIENT */;
/*!40101 SET @OLD_CHARACTER_SET_RESULTS=@@CHARACTER_SET_RESULTS */;
/*!40101 SET @OLD_COLLATION_CONNECTION=@@COLLATION_CONNECTION */;
/*!40101 SET NAMES utf8mb4 */;

--
-- Database: `es_jantung2`
--

-- --------------------------------------------------------

--
-- Table structure for table `tb_diagnosa`
--

CREATE TABLE `tb_diagnosa` (
  `id_diagnosa` int(5) NOT NULL,
  `nama_diagnosa` varchar(20) NOT NULL,
  `score` float NOT NULL,
  `keterangan` text NOT NULL
) ENGINE=InnoDB DEFAULT CHARSET=latin1;

--
-- Dumping data for table `tb_diagnosa`
--

INSERT INTO `tb_diagnosa` (`id_diagnosa`, `nama_diagnosa`, `score`, `keterangan`) VALUES
(2, 'RENDAH', 10, ''),
(3, 'SEDANG', 20, ''),
(4, 'TINGGI', 100, '');

-- --------------------------------------------------------

--
-- Table structure for table `tb_hasil`
--

CREATE TABLE `tb_hasil` (
  `id_hasil` int(11) NOT NULL,
  `id_periksa` int(10) NOT NULL,
  `id_diagnosa` int(5) NOT NULL,
  `z_score` float NOT NULL
) ENGINE=InnoDB DEFAULT CHARSET=latin1;

--
-- Dumping data for table `tb_hasil`
--

INSERT INTO `tb_hasil` (`id_hasil`, `id_periksa`, `id_diagnosa`, `z_score`) VALUES
(241, 2, 2, 10),
(242, 3, 4, 60),
(243, 4, 4, 60),
(244, 5, 3, 15),
(245, 6, 4, 73.7313),
(246, 7, 2, 10),
(247, 8, 4, 100),
(248, 9, 4, 100),
(249, 10, 4, 100),
(250, 11, 4, 55),
(251, 12, 4, 77.091),
(252, 13, 4, 100),
(253, 14, 4, 60),
(254, 15, 4, 60),
(255, 16, 2, 10),
(256, 17, 4, 100),
(257, 18, 4, 60),
(258, 19, 4, 60),
(259, 20, 4, 60),
(260, 21, 4, 100),
(261, 22, 4, 52),
(262, 23, 4, 43.3333),
(263, 24, 4, 60),
(264, 25, 4, 100),
(265, 26, 4, 60),
(266, 27, 4, 70),
(267, 28, 2, 10),
(268, 29, 4, 100),
(269, 30, 4, 60),
(270, 31, 4, 60),
(271, 32, 4, 84),
(272, 33, 4, 60),
(273, 34, 4, 55),
(274, 35, 4, 100),
(275, 36, 4, 60),
(276, 37, 2, 10),
(277, 38, 4, 100),
(278, 39, 4, 100),
(279, 40, 2, 10),
(280, 41, 4, 48.7253),
(281, 42, 4, 64),
(282, 43, 4, 60),
(283, 44, 4, 60),
(284, 45, 4, 92),
(285, 46, 3, 14),
(286, 47, 2, 10),
(287, 48, 2, 10),
(288, 49, 2, 10),
(289, 50, 4, 100),
(290, 51, 4, 60),
(291, 52, 4, 100),
(292, 60, 4, 100),
(293, 61, 4, 92),
(294, 62, 4, 100),
(295, 67, 4, 100),
(296, 68, 4, 60),
(297, 70, 4, 60),
(298, 71, 2, 10),
(299, 72, 4, 100),
(300, 76, 4, 60),
(301, 79, 4, 60),
(302, 80, 4, 92),
(303, 81, 4, 100),
(304, 86, 4, 60),
(305, 87, 2, 10),
(306, 91, 3, 15),
(307, 93, 4, 44),
(308, 98, 4, 100),
(309, 103, 2, 10),
(310, 104, 3, 20),
(311, 106, 4, 60),
(312, 107, 2, 10),
(313, 109, 2, 10),
(314, 112, 4, 100),
(315, 113, 2, 10),
(316, 114, 2, 10),
(317, 119, 4, 60),
(318, 120, 2, 10),
(319, 121, 4, 60),
(320, 122, 2, 10),
(321, 123, 2, 10),
(322, 125, 4, 86.6667),
(323, 127, 4, 52),
(324, 134, 3, 20),
(325, 135, 4, 34.6406);

-- --------------------------------------------------------

--
-- Table structure for table `tb_hasil_periksa`
--

CREATE TABLE `tb_hasil_periksa` (
  `id_hasil_periksa` int(11) NOT NULL,
  `id_periksa` int(10) NOT NULL,
  `id_variabel` int(4) NOT NULL,
  `id_keanggotaan` int(10) NOT NULL,
  `mem_func` float NOT NULL
) ENGINE=InnoDB DEFAULT CHARSET=latin1;

--
-- Dumping data for table `tb_hasil_periksa`
--

INSERT INTO `tb_hasil_periksa` (`id_hasil_periksa`, `id_periksa`, `id_variabel`, `id_keanggotaan`, `mem_func`) VALUES
(2244, 2, 1, 17, 1),
(2245, 2, 2, 12, 1),
(2246, 2, 3, 3, 0.45),
(2247, 2, 3, 4, 0.55),
(2248, 2, 4, 16, 1),
(2249, 2, 5, 7, 1),
(2250, 2, 6, 6, 1),
(2251, 2, 7, 10, 1),
(2252, 2, 7, 11, 1),
(2253, 3, 1, 17, 1),
(2254, 3, 2, 13, 1),
(2255, 3, 2, 14, 1),
(2256, 3, 3, 3, 1),
(2257, 3, 3, 4, 1),
(2258, 3, 4, 15, 1),
(2259, 3, 5, 8, 1),
(2260, 3, 6, 5, 1),
(2261, 3, 7, 10, 0.33),
(2262, 3, 7, 11, 0.67),
(2263, 4, 1, 17, 1),
(2264, 4, 2, 13, 1),
(2265, 4, 2, 14, 1),
(2266, 4, 3, 3, 1),
(2267, 4, 3, 4, 1),
(2268, 4, 4, 15, 1),
(2269, 4, 5, 7, 1),
(2270, 4, 6, 6, 1),
(2271, 4, 7, 10, 1),
(2272, 4, 7, 11, 1),
(2273, 5, 1, 18, 1),
(2274, 5, 2, 13, 1),
(2275, 5, 2, 14, 1),
(2276, 5, 3, 3, 1),
(2277, 5, 4, 16, 1),
(2278, 5, 5, 8, 1),
(2279, 5, 6, 6, 1),
(2280, 5, 7, 9, 1),
(2281, 6, 1, 17, 1),
(2282, 6, 2, 13, 0.3),
(2283, 6, 2, 14, 0.7),
(2284, 6, 3, 3, 0.95),
(2285, 6, 3, 4, 0.05),
(2286, 6, 4, 16, 1),
(2287, 6, 5, 7, 1),
(2288, 6, 6, 6, 1),
(2289, 6, 7, 9, 0.613636),
(2290, 6, 7, 10, 0.386364),
(2291, 7, 1, 18, 1),
(2292, 7, 2, 12, 1),
(2293, 7, 3, 3, 0.1),
(2294, 7, 3, 4, 0.9),
(2295, 7, 4, 16, 1),
(2296, 7, 5, 8, 1),
(2297, 7, 6, 6, 1),
(2298, 7, 7, 10, 0.535),
(2299, 7, 7, 11, 0.465),
(2300, 8, 1, 17, 1),
(2301, 8, 2, 13, 0.1),
(2302, 8, 2, 14, 0.9),
(2303, 8, 3, 3, 1),
(2304, 8, 4, 15, 1),
(2305, 8, 5, 7, 1),
(2306, 8, 6, 5, 1),
(2307, 8, 7, 9, 0.00227273),
(2308, 8, 7, 10, 0.997727),
(2309, 9, 1, 17, 1),
(2310, 9, 2, 14, 1),
(2311, 9, 3, 3, 1),
(2312, 9, 3, 4, 1),
(2313, 9, 4, 15, 1),
(2314, 9, 5, 8, 1),
(2315, 9, 6, 5, 1),
(2316, 9, 7, 10, 1),
(2317, 9, 7, 11, 1),
(2318, 10, 1, 17, 1),
(2319, 10, 2, 13, 1),
(2320, 10, 2, 14, 1),
(2321, 10, 3, 3, 1),
(2322, 10, 3, 4, 1),
(2323, 10, 4, 15, 1),
(2324, 10, 5, 7, 1),
(2325, 10, 6, 5, 1),
(2326, 10, 7, 10, 1),
(2327, 10, 7, 11, 1),
(2328, 11, 1, 18, 1),
(2329, 11, 2, 13, 1),
(2330, 11, 2, 14, 1),
(2331, 11, 3, 3, 1),
(2332, 11, 3, 4, 1),
(2333, 11, 4, 15, 1),
(2334, 11, 5, 8, 1),
(2335, 11, 6, 6, 1),
(2336, 11, 7, 9, 0.659091),
(2337, 11, 7, 10, 0.340909),
(2338, 12, 1, 18, 1),
(2339, 12, 2, 13, 1),
(2340, 12, 2, 14, 1),
(2341, 12, 3, 3, 1),
(2342, 12, 3, 4, 1),
(2343, 12, 4, 15, 1),
(2344, 12, 5, 8, 1),
(2345, 12, 6, 6, 1),
(2346, 12, 7, 9, 0.254545),
(2347, 12, 7, 10, 0.745455),
(2348, 13, 1, 18, 1),
(2349, 13, 2, 13, 1),
(2350, 13, 2, 14, 1),
(2351, 13, 3, 3, 0.75),
(2352, 13, 3, 4, 0.25),
(2353, 13, 4, 15, 1),
(2354, 13, 5, 8, 1),
(2355, 13, 6, 5, 1),
(2356, 13, 7, 10, 0.7),
(2357, 13, 7, 11, 0.3),
(2358, 14, 1, 17, 1),
(2359, 14, 2, 13, 1),
(2360, 14, 2, 14, 1),
(2361, 14, 3, 3, 0.75),
(2362, 14, 3, 4, 0.25),
(2363, 14, 4, 16, 1),
(2364, 14, 5, 7, 1),
(2365, 14, 6, 5, 1),
(2366, 14, 7, 10, 1),
(2367, 14, 7, 11, 1),
(2368, 15, 1, 17, 1),
(2369, 15, 2, 13, 0.6),
(2370, 15, 2, 14, 0.4),
(2371, 15, 3, 3, 1),
(2372, 15, 3, 4, 1),
(2373, 15, 4, 15, 1),
(2374, 15, 5, 8, 1),
(2375, 15, 6, 5, 1),
(2376, 15, 7, 10, 1),
(2377, 15, 7, 11, 1),
(2378, 16, 1, 17, 1),
(2379, 16, 2, 12, 1),
(2380, 16, 3, 3, 0.5),
(2381, 16, 3, 4, 0.5),
(2382, 16, 4, 15, 1),
(2383, 16, 5, 7, 1),
(2384, 16, 6, 6, 1),
(2385, 16, 7, 10, 1),
(2386, 16, 7, 11, 1),
(2387, 17, 1, 18, 1),
(2388, 17, 2, 13, 1),
(2389, 17, 2, 14, 1),
(2390, 17, 3, 3, 0.55),
(2391, 17, 3, 4, 0.45),
(2392, 17, 4, 15, 1),
(2393, 17, 5, 8, 1),
(2394, 17, 6, 5, 1),
(2395, 17, 7, 10, 1),
(2396, 17, 7, 11, 1),
(2397, 18, 1, 17, 1),
(2398, 18, 2, 13, 0.7),
(2399, 18, 2, 14, 0.3),
(2400, 18, 3, 3, 1),
(2401, 18, 3, 4, 1),
(2402, 18, 4, 16, 1),
(2403, 18, 5, 7, 1),
(2404, 18, 6, 5, 1),
(2405, 18, 7, 10, 1),
(2406, 18, 7, 11, 1),
(2407, 19, 1, 17, 1),
(2408, 19, 2, 13, 1),
(2409, 19, 2, 14, 1),
(2410, 19, 3, 2, 0.8),
(2411, 19, 3, 3, 0.2),
(2412, 19, 4, 15, 1),
(2413, 19, 5, 7, 1),
(2414, 19, 6, 6, 1),
(2415, 19, 7, 10, 0.145),
(2416, 19, 7, 11, 0.855),
(2417, 20, 1, 17, 1),
(2418, 20, 2, 13, 1),
(2419, 20, 2, 14, 1),
(2420, 20, 3, 2, 1),
(2421, 20, 4, 16, 1),
(2422, 20, 5, 8, 1),
(2423, 20, 6, 5, 1),
(2424, 20, 7, 10, 1),
(2425, 20, 7, 11, 1),
(2426, 21, 1, 17, 1),
(2427, 21, 2, 13, 1),
(2428, 21, 2, 14, 1),
(2429, 21, 3, 4, 1),
(2430, 21, 4, 16, 1),
(2431, 21, 5, 7, 1),
(2432, 21, 6, 6, 1),
(2433, 21, 7, 9, 0.440909),
(2434, 21, 7, 10, 0.559091),
(2435, 22, 1, 17, 1),
(2436, 22, 2, 13, 0.6),
(2437, 22, 2, 14, 0.4),
(2438, 22, 3, 3, 1),
(2439, 22, 4, 16, 1),
(2440, 22, 5, 7, 1),
(2441, 22, 6, 6, 1),
(2442, 22, 7, 9, 0.677273),
(2443, 22, 7, 10, 0.322727),
(2444, 23, 1, 17, 1),
(2445, 23, 2, 13, 1),
(2446, 23, 2, 14, 1),
(2447, 23, 3, 3, 0.5),
(2448, 23, 3, 4, 0.5),
(2449, 23, 4, 15, 1),
(2450, 23, 5, 8, 1),
(2451, 23, 6, 6, 1),
(2452, 23, 7, 10, 1),
(2453, 23, 7, 11, 1),
(2454, 24, 1, 17, 1),
(2455, 24, 2, 13, 1),
(2456, 24, 2, 14, 1),
(2457, 24, 3, 2, 1),
(2458, 24, 4, 15, 1),
(2459, 24, 5, 7, 1),
(2460, 24, 6, 6, 1),
(2461, 24, 7, 10, 1),
(2462, 24, 7, 11, 1),
(2463, 25, 1, 17, 1),
(2464, 25, 2, 13, 0.1),
(2465, 25, 2, 14, 0.9),
(2466, 25, 3, 3, 1),
(2467, 25, 3, 4, 1),
(2468, 25, 4, 15, 1),
(2469, 25, 5, 7, 1),
(2470, 25, 6, 5, 1),
(2471, 25, 7, 10, 1),
(2472, 25, 7, 11, 1),
(2473, 26, 1, 17, 1),
(2474, 26, 2, 13, 1),
(2475, 26, 2, 14, 1),
(2476, 26, 3, 3, 0.95),
(2477, 26, 3, 4, 0.05),
(2478, 26, 4, 15, 1),
(2479, 26, 5, 8, 1),
(2480, 26, 6, 5, 1),
(2481, 26, 7, 9, 0.195455),
(2482, 26, 7, 10, 0.804545),
(2483, 27, 1, 17, 1),
(2484, 27, 2, 13, 0.5),
(2485, 27, 2, 14, 0.5),
(2486, 27, 3, 2, 0.3),
(2487, 27, 3, 3, 0.7),
(2488, 27, 4, 15, 1),
(2489, 27, 5, 7, 1),
(2490, 27, 6, 5, 1),
(2491, 27, 7, 10, 1),
(2492, 27, 7, 11, 1),
(2493, 28, 1, 18, 1),
(2494, 28, 2, 12, 0.333333),
(2495, 28, 2, 13, 0.666667),
(2496, 28, 3, 2, 1),
(2497, 28, 4, 15, 1),
(2498, 28, 5, 8, 1),
(2499, 28, 6, 6, 1),
(2500, 28, 7, 10, 1),
(2501, 28, 7, 11, 1),
(2502, 29, 1, 17, 1),
(2503, 29, 2, 14, 1),
(2504, 29, 3, 3, 1),
(2505, 29, 3, 4, 1),
(2506, 29, 4, 15, 1),
(2507, 29, 5, 7, 1),
(2508, 29, 6, 5, 1),
(2509, 29, 7, 10, 1),
(2510, 29, 7, 11, 1),
(2511, 30, 1, 17, 1),
(2512, 30, 2, 13, 0.7),
(2513, 30, 2, 14, 0.3),
(2514, 30, 3, 3, 1),
(2515, 30, 3, 4, 1),
(2516, 30, 4, 16, 1),
(2517, 30, 5, 7, 1),
(2518, 30, 6, 6, 1),
(2519, 30, 7, 10, 0.385),
(2520, 30, 7, 11, 0.615),
(2521, 31, 1, 17, 1),
(2522, 31, 2, 13, 1),
(2523, 31, 2, 14, 1),
(2524, 31, 3, 2, 0.1),
(2525, 31, 3, 3, 0.9),
(2526, 31, 4, 15, 1),
(2527, 31, 5, 8, 1),
(2528, 31, 6, 5, 1),
(2529, 31, 7, 10, 1),
(2530, 31, 7, 11, 1),
(2531, 32, 1, 17, 1),
(2532, 32, 2, 13, 0.2),
(2533, 32, 2, 14, 0.8),
(2534, 32, 3, 2, 1),
(2535, 32, 4, 15, 1),
(2536, 32, 5, 7, 1),
(2537, 32, 6, 5, 1),
(2538, 32, 7, 10, 1),
(2539, 32, 7, 11, 1),
(2540, 33, 1, 18, 1),
(2541, 33, 2, 13, 1),
(2542, 33, 2, 14, 1),
(2543, 33, 3, 2, 0.8),
(2544, 33, 3, 3, 0.2),
(2545, 33, 4, 15, 1),
(2546, 33, 5, 8, 1),
(2547, 33, 6, 5, 1),
(2548, 33, 7, 10, 1),
(2549, 33, 7, 11, 1),
(2550, 34, 1, 18, 1),
(2551, 34, 2, 13, 1),
(2552, 34, 2, 14, 1),
(2553, 34, 3, 3, 0.25),
(2554, 34, 3, 4, 0.75),
(2555, 34, 4, 15, 1),
(2556, 34, 5, 8, 1),
(2557, 34, 6, 6, 1),
(2558, 34, 7, 9, 0.722727),
(2559, 34, 7, 10, 0.277273),
(2560, 35, 1, 17, 1),
(2561, 35, 2, 13, 0.2),
(2562, 35, 2, 14, 0.8),
(2563, 35, 3, 3, 0.6),
(2564, 35, 3, 4, 0.4),
(2565, 35, 4, 15, 1),
(2566, 35, 5, 7, 1),
(2567, 35, 6, 5, 1),
(2568, 35, 7, 10, 1),
(2569, 35, 7, 11, 1),
(2570, 36, 1, 17, 1),
(2571, 36, 2, 13, 1),
(2572, 36, 2, 14, 1),
(2573, 36, 3, 3, 1),
(2574, 36, 3, 4, 1),
(2575, 36, 4, 16, 1),
(2576, 36, 5, 7, 1),
(2577, 36, 6, 6, 1),
(2578, 36, 7, 9, 0.0545455),
(2579, 36, 7, 10, 0.945455),
(2580, 37, 1, 17, 1),
(2581, 37, 2, 12, 0.333333),
(2582, 37, 2, 13, 0.666667),
(2583, 37, 3, 2, 1),
(2584, 37, 4, 15, 1),
(2585, 37, 5, 8, 1),
(2586, 37, 6, 6, 1),
(2587, 37, 7, 9, 0.475),
(2588, 37, 7, 10, 0.525),
(2589, 38, 1, 17, 1),
(2590, 38, 2, 14, 1),
(2591, 38, 3, 3, 1),
(2592, 38, 3, 4, 1),
(2593, 38, 4, 16, 1),
(2594, 38, 5, 7, 1),
(2595, 38, 6, 5, 1),
(2596, 38, 7, 10, 1),
(2597, 38, 7, 11, 1),
(2598, 39, 1, 17, 1),
(2599, 39, 2, 13, 0.3),
(2600, 39, 2, 14, 0.7),
(2601, 39, 3, 4, 1),
(2602, 39, 4, 15, 1),
(2603, 39, 5, 7, 1),
(2604, 39, 6, 6, 1),
(2605, 39, 7, 10, 1),
(2606, 39, 7, 11, 1),
(2607, 40, 1, 17, 1),
(2608, 40, 2, 12, 0.166667),
(2609, 40, 2, 13, 0.833333),
(2610, 40, 3, 2, 0.4),
(2611, 40, 3, 3, 0.6),
(2612, 40, 4, 15, 1),
(2613, 40, 5, 8, 1),
(2614, 40, 6, 6, 1),
(2615, 40, 7, 9, 0.5),
(2616, 40, 7, 10, 0.5),
(2617, 41, 1, 17, 1),
(2618, 41, 2, 12, 0.666667),
(2619, 41, 2, 13, 0.333333),
(2620, 41, 3, 3, 0.65),
(2621, 41, 3, 4, 0.35),
(2622, 41, 4, 16, 1),
(2623, 41, 5, 7, 1),
(2624, 41, 6, 5, 1),
(2625, 41, 7, 10, 0.405),
(2626, 41, 7, 11, 0.595),
(2627, 42, 1, 17, 1),
(2628, 42, 2, 13, 1),
(2629, 42, 2, 14, 1),
(2630, 42, 3, 3, 0.45),
(2631, 42, 3, 4, 0.55),
(2632, 42, 4, 15, 1),
(2633, 42, 5, 7, 1),
(2634, 42, 6, 6, 1),
(2635, 42, 7, 9, 0.927273),
(2636, 42, 7, 10, 0.0727273),
(2637, 43, 1, 17, 1),
(2638, 43, 2, 13, 1),
(2639, 43, 2, 14, 1),
(2640, 43, 3, 3, 1),
(2641, 43, 3, 4, 1),
(2642, 43, 4, 16, 1),
(2643, 43, 5, 8, 1),
(2644, 43, 6, 5, 1),
(2645, 43, 7, 10, 1),
(2646, 43, 7, 11, 1),
(2647, 44, 1, 17, 1),
(2648, 44, 2, 13, 1),
(2649, 44, 2, 14, 1),
(2650, 44, 3, 3, 1),
(2651, 44, 4, 16, 1),
(2652, 44, 5, 7, 1),
(2653, 44, 6, 5, 1),
(2654, 44, 7, 10, 0.73),
(2655, 44, 7, 11, 0.27),
(2656, 45, 1, 18, 1),
(2657, 45, 2, 13, 0.1),
(2658, 45, 2, 14, 0.9),
(2659, 45, 3, 2, 0.1),
(2660, 45, 3, 3, 0.9),
(2661, 45, 4, 15, 1),
(2662, 45, 5, 8, 1),
(2663, 45, 6, 5, 1),
(2664, 45, 7, 10, 1),
(2665, 45, 7, 11, 1),
(2666, 46, 1, 17, 1),
(2667, 46, 2, 12, 1),
(2668, 46, 3, 2, 0.6),
(2669, 46, 3, 3, 0.4),
(2670, 46, 4, 16, 1),
(2671, 46, 5, 7, 1),
(2672, 46, 6, 5, 1),
(2673, 46, 7, 9, 0.134091),
(2674, 46, 7, 10, 0.865909),
(2675, 47, 1, 18, 1),
(2676, 47, 2, 12, 1),
(2677, 47, 3, 2, 1),
(2678, 47, 4, 15, 1),
(2679, 47, 5, 8, 1),
(2680, 47, 6, 6, 1),
(2681, 47, 7, 9, 1),
(2682, 48, 1, 18, 1),
(2683, 48, 2, 13, 0.9),
(2684, 48, 2, 14, 0.1),
(2685, 48, 3, 2, 0.4),
(2686, 48, 3, 3, 0.6),
(2687, 48, 4, 16, 1),
(2688, 48, 5, 8, 1),
(2689, 48, 6, 5, 1),
(2690, 48, 7, 10, 0.44),
(2691, 48, 7, 11, 0.56),
(2692, 49, 1, 18, 1),
(2693, 49, 2, 12, 1),
(2694, 49, 3, 3, 0.6),
(2695, 49, 3, 4, 0.4),
(2696, 49, 4, 15, 1),
(2697, 49, 5, 8, 1),
(2698, 49, 6, 6, 1),
(2699, 49, 7, 10, 1),
(2700, 49, 7, 11, 1),
(2701, 50, 1, 17, 1),
(2702, 50, 2, 13, 1),
(2703, 50, 2, 14, 1),
(2704, 50, 3, 3, 1),
(2705, 50, 4, 15, 1),
(2706, 50, 5, 7, 1),
(2707, 50, 6, 5, 1),
(2708, 50, 7, 9, 0.765909),
(2709, 50, 7, 10, 0.234091),
(2710, 51, 1, 17, 1),
(2711, 51, 2, 13, 1),
(2712, 51, 2, 14, 1),
(2713, 51, 3, 2, 0.9),
(2714, 51, 3, 3, 0.1),
(2715, 51, 4, 15, 1),
(2716, 51, 5, 8, 1),
(2717, 51, 6, 5, 1),
(2718, 51, 7, 9, 0.140909),
(2719, 51, 7, 10, 0.859091),
(2720, 52, 1, 17, 1),
(2721, 52, 2, 13, 1),
(2722, 52, 2, 14, 1),
(2723, 52, 3, 3, 0.1),
(2724, 52, 3, 4, 0.9),
(2725, 52, 4, 15, 1),
(2726, 52, 5, 7, 1),
(2727, 52, 6, 5, 1),
(2728, 52, 7, 10, 1),
(2729, 52, 7, 11, 1),
(2730, 60, 1, 17, 1),
(2731, 60, 2, 13, 0.3),
(2732, 60, 2, 14, 0.7),
(2733, 60, 3, 3, 0.55),
(2734, 60, 3, 4, 0.45),
(2735, 60, 4, 15, 1),
(2736, 60, 5, 7, 1),
(2737, 60, 6, 5, 1),
(2738, 60, 7, 10, 1),
(2739, 60, 7, 11, 1),
(2740, 61, 1, 17, 1),
(2741, 61, 2, 13, 0.1),
(2742, 61, 2, 14, 0.9),
(2743, 61, 3, 2, 1),
(2744, 61, 4, 15, 1),
(2745, 61, 5, 7, 1),
(2746, 61, 6, 5, 1),
(2747, 61, 7, 10, 1),
(2748, 61, 7, 11, 1),
(2749, 62, 1, 18, 1),
(2750, 62, 2, 13, 1),
(2751, 62, 2, 14, 1),
(2752, 62, 3, 3, 1),
(2753, 62, 3, 4, 1),
(2754, 62, 4, 16, 1),
(2755, 62, 5, 8, 1),
(2756, 62, 6, 6, 1),
(2757, 62, 7, 10, 1),
(2758, 62, 7, 11, 1),
(2759, 67, 1, 18, 1),
(2760, 67, 2, 13, 0.6),
(2761, 67, 2, 14, 0.4),
(2762, 67, 3, 3, 1),
(2763, 67, 3, 4, 1),
(2764, 67, 4, 15, 1),
(2765, 67, 5, 8, 1),
(2766, 67, 6, 5, 1),
(2767, 67, 7, 9, 0.686364),
(2768, 67, 7, 10, 0.313636),
(2769, 68, 1, 17, 1),
(2770, 68, 2, 13, 0.6),
(2771, 68, 2, 14, 0.4),
(2772, 68, 3, 3, 1),
(2773, 68, 3, 4, 1),
(2774, 68, 4, 15, 1),
(2775, 68, 5, 7, 1),
(2776, 68, 6, 6, 1),
(2777, 68, 7, 9, 0.195455),
(2778, 68, 7, 10, 0.804545),
(2779, 70, 1, 17, 1),
(2780, 70, 2, 13, 1),
(2781, 70, 3, 3, 1),
(2782, 70, 3, 4, 1),
(2783, 70, 4, 16, 1),
(2784, 70, 5, 7, 1),
(2785, 70, 6, 5, 1),
(2786, 70, 7, 10, 0.795),
(2787, 70, 7, 11, 0.205),
(2788, 71, 1, 18, 1),
(2789, 71, 2, 12, 0.166667),
(2790, 71, 2, 13, 0.833333),
(2791, 71, 3, 3, 1),
(2792, 71, 3, 4, 1),
(2793, 71, 4, 15, 1),
(2794, 71, 5, 8, 1),
(2795, 71, 6, 6, 1),
(2796, 71, 7, 9, 1),
(2797, 72, 1, 18, 1),
(2798, 72, 2, 13, 1),
(2799, 72, 2, 14, 1),
(2800, 72, 3, 3, 0.25),
(2801, 72, 3, 4, 0.75),
(2802, 72, 4, 15, 1),
(2803, 72, 5, 8, 1),
(2804, 72, 6, 5, 1),
(2805, 72, 7, 10, 1),
(2806, 72, 7, 11, 1),
(2807, 76, 1, 17, 1),
(2808, 76, 2, 13, 1),
(2809, 76, 2, 14, 1),
(2810, 76, 3, 3, 1),
(2811, 76, 3, 4, 1),
(2812, 76, 4, 16, 1),
(2813, 76, 5, 7, 1),
(2814, 76, 6, 6, 1),
(2815, 76, 7, 10, 1),
(2816, 76, 7, 11, 1),
(2817, 79, 1, 17, 1),
(2818, 79, 2, 13, 0.7),
(2819, 79, 2, 14, 0.3),
(2820, 79, 3, 3, 1),
(2821, 79, 3, 4, 1),
(2822, 79, 4, 16, 1),
(2823, 79, 5, 7, 1),
(2824, 79, 6, 5, 1),
(2825, 79, 7, 10, 1),
(2826, 79, 7, 11, 1),
(2827, 80, 1, 17, 1),
(2828, 80, 2, 13, 0.1),
(2829, 80, 2, 14, 0.9),
(2830, 80, 3, 2, 1),
(2831, 80, 4, 15, 1),
(2832, 80, 5, 7, 1),
(2833, 80, 6, 5, 1),
(2834, 80, 7, 10, 1),
(2835, 80, 7, 11, 1),
(2836, 81, 1, 18, 1),
(2837, 81, 2, 13, 1),
(2838, 81, 2, 14, 1),
(2839, 81, 3, 4, 1),
(2840, 81, 4, 16, 1),
(2841, 81, 5, 8, 1),
(2842, 81, 6, 6, 1),
(2843, 81, 7, 9, 0.365909),
(2844, 81, 7, 10, 0.634091),
(2845, 86, 1, 17, 1),
(2846, 86, 2, 13, 0.7),
(2847, 86, 2, 14, 0.3),
(2848, 86, 3, 3, 0.5),
(2849, 86, 3, 4, 0.5),
(2850, 86, 4, 15, 1),
(2851, 86, 5, 7, 1),
(2852, 86, 6, 6, 1),
(2853, 86, 7, 10, 1),
(2854, 86, 7, 11, 1),
(2855, 87, 1, 18, 1),
(2856, 87, 2, 12, 1),
(2857, 87, 3, 3, 1),
(2858, 87, 3, 4, 1),
(2859, 87, 4, 15, 1),
(2860, 87, 5, 8, 1),
(2861, 87, 6, 6, 1),
(2862, 87, 7, 10, 1),
(2863, 87, 7, 11, 1),
(2864, 91, 1, 18, 1),
(2865, 91, 2, 13, 1),
(2866, 91, 2, 14, 1),
(2867, 91, 3, 2, 0.2),
(2868, 91, 3, 3, 0.8),
(2869, 91, 4, 16, 1),
(2870, 91, 5, 8, 1),
(2871, 91, 6, 6, 1),
(2872, 91, 7, 9, 1),
(2873, 93, 1, 17, 1),
(2874, 93, 2, 13, 0.7),
(2875, 93, 2, 14, 0.3),
(2876, 93, 3, 2, 1),
(2877, 93, 4, 16, 1),
(2878, 93, 5, 7, 1),
(2879, 93, 6, 6, 1),
(2880, 93, 7, 9, 0.195455),
(2881, 93, 7, 10, 0.804545),
(2882, 98, 1, 18, 1),
(2883, 98, 2, 13, 0.6),
(2884, 98, 2, 14, 0.4),
(2885, 98, 3, 3, 0.05),
(2886, 98, 3, 4, 0.95),
(2887, 98, 4, 15, 1),
(2888, 98, 5, 8, 1),
(2889, 98, 6, 6, 1),
(2890, 98, 7, 10, 1),
(2891, 98, 7, 11, 1),
(2892, 103, 1, 18, 1),
(2893, 103, 2, 12, 1),
(2894, 103, 3, 3, 1),
(2895, 103, 4, 15, 1),
(2896, 103, 5, 8, 1),
(2897, 103, 6, 6, 1),
(2898, 103, 7, 10, 1),
(2899, 103, 7, 11, 1),
(2900, 104, 1, 18, 1),
(2901, 104, 2, 13, 1),
(2902, 104, 2, 14, 1),
(2903, 104, 3, 3, 0.95),
(2904, 104, 3, 4, 0.05),
(2905, 104, 4, 16, 1),
(2906, 104, 5, 8, 1),
(2907, 104, 6, 5, 1),
(2908, 104, 7, 9, 1),
(2909, 106, 1, 17, 1),
(2910, 106, 2, 13, 1),
(2911, 106, 3, 3, 1),
(2912, 106, 3, 4, 1),
(2913, 106, 4, 15, 1),
(2914, 106, 5, 7, 1),
(2915, 106, 6, 6, 1),
(2916, 106, 7, 10, 1),
(2917, 106, 7, 11, 1),
(2918, 107, 1, 18, 1),
(2919, 107, 2, 12, 1),
(2920, 107, 3, 2, 1),
(2921, 107, 4, 15, 1),
(2922, 107, 5, 8, 1),
(2923, 107, 6, 6, 1),
(2924, 107, 7, 9, 0.861364),
(2925, 107, 7, 10, 0.138636),
(2926, 109, 1, 18, 1),
(2927, 109, 2, 12, 1),
(2928, 109, 3, 2, 0.5),
(2929, 109, 3, 3, 0.5),
(2930, 109, 4, 16, 1),
(2931, 109, 5, 8, 1),
(2932, 109, 6, 5, 1),
(2933, 109, 7, 9, 1),
(2934, 112, 1, 18, 1),
(2935, 112, 2, 13, 0.3),
(2936, 112, 2, 14, 0.7),
(2937, 112, 3, 3, 1),
(2938, 112, 3, 4, 1),
(2939, 112, 4, 15, 1),
(2940, 112, 5, 8, 1),
(2941, 112, 6, 6, 1),
(2942, 112, 7, 10, 1),
(2943, 112, 7, 11, 1),
(2944, 113, 1, 18, 1),
(2945, 113, 2, 12, 1),
(2946, 113, 3, 2, 1),
(2947, 113, 4, 16, 1),
(2948, 113, 5, 8, 1),
(2949, 113, 6, 5, 1),
(2950, 113, 7, 9, 0.797727),
(2951, 113, 7, 10, 0.202273),
(2952, 114, 1, 18, 1),
(2953, 114, 2, 12, 1),
(2954, 114, 3, 2, 0.9),
(2955, 114, 3, 3, 0.1),
(2956, 114, 4, 16, 1),
(2957, 114, 5, 8, 1),
(2958, 114, 6, 6, 1),
(2959, 114, 7, 9, 1),
(2960, 119, 1, 17, 1),
(2961, 119, 2, 13, 1),
(2962, 119, 2, 14, 1),
(2963, 119, 3, 3, 1),
(2964, 119, 3, 4, 1),
(2965, 119, 4, 16, 1),
(2966, 119, 5, 7, 1),
(2967, 119, 6, 5, 1),
(2968, 119, 7, 9, 0.195455),
(2969, 119, 7, 10, 0.804545),
(2970, 120, 1, 18, 1),
(2971, 120, 2, 12, 1),
(2972, 120, 3, 2, 0.6),
(2973, 120, 3, 3, 0.4),
(2974, 120, 4, 15, 1),
(2975, 120, 5, 8, 1),
(2976, 120, 6, 6, 1),
(2977, 120, 7, 10, 1),
(2978, 120, 7, 11, 1),
(2979, 121, 1, 17, 1),
(2980, 121, 2, 13, 1),
(2981, 121, 2, 14, 1),
(2982, 121, 3, 2, 0.7),
(2983, 121, 3, 3, 0.3),
(2984, 121, 4, 15, 1),
(2985, 121, 5, 7, 1),
(2986, 121, 6, 6, 1),
(2987, 121, 7, 9, 0.947727),
(2988, 121, 7, 10, 0.0522727),
(2989, 122, 1, 18, 1),
(2990, 122, 2, 12, 1),
(2991, 122, 3, 2, 0.7),
(2992, 122, 3, 3, 0.3),
(2993, 122, 4, 15, 1),
(2994, 122, 5, 8, 1),
(2995, 122, 6, 6, 1),
(2996, 122, 7, 9, 1),
(2997, 123, 1, 18, 1),
(2998, 123, 2, 12, 1),
(2999, 123, 3, 3, 0.5),
(3000, 123, 3, 4, 0.5),
(3001, 123, 4, 16, 1),
(3002, 123, 5, 8, 1),
(3003, 123, 6, 6, 1),
(3004, 123, 7, 9, 0.597727),
(3005, 123, 7, 10, 0.402273),
(3006, 125, 1, 17, 1),
(3007, 125, 2, 13, 0.5),
(3008, 125, 2, 14, 0.5),
(3009, 125, 3, 3, 0.1),
(3010, 125, 3, 4, 0.9),
(3011, 125, 4, 16, 1),
(3012, 125, 5, 7, 1),
(3013, 125, 6, 5, 1),
(3014, 125, 7, 10, 1),
(3015, 125, 7, 11, 1),
(3016, 127, 1, 17, 1),
(3017, 127, 2, 13, 0.6),
(3018, 127, 2, 14, 0.4),
(3019, 127, 3, 2, 1),
(3020, 127, 4, 15, 1),
(3021, 127, 5, 7, 1),
(3022, 127, 6, 5, 1),
(3023, 127, 7, 10, 1),
(3024, 127, 7, 11, 1),
(3025, 134, 1, 17, 1),
(3026, 134, 2, 12, 1),
(3027, 134, 3, 3, 0.25),
(3028, 134, 3, 4, 0.75),
(3029, 134, 4, 15, 1),
(3030, 134, 5, 7, 1),
(3031, 134, 6, 5, 1),
(3032, 134, 7, 9, 0.255955),
(3033, 134, 7, 10, 0.744045),
(3034, 135, 1, 18, 1),
(3035, 135, 2, 12, 0.833333),
(3036, 135, 2, 13, 0.166667),
(3037, 135, 3, 3, 0.25),
(3038, 135, 3, 4, 0.75),
(3039, 135, 4, 15, 1),
(3040, 135, 5, 8, 1),
(3041, 135, 6, 5, 1),
(3042, 135, 7, 9, 0.255955),
(3043, 135, 7, 10, 0.744045);

-- --------------------------------------------------------

--
-- Table structure for table `tb_keanggotaan`
--

CREATE TABLE `tb_keanggotaan` (
  `id_keanggotaan` int(10) NOT NULL,
  `id_variabel` int(4) NOT NULL,
  `b_bawah` double NOT NULL,
  `b_tengah` double NOT NULL,
  `b_atas` double NOT NULL,
  `keterangan` varchar(100) NOT NULL
) ENGINE=InnoDB DEFAULT CHARSET=latin1 ROW_FORMAT=COMPACT;

--
-- Dumping data for table `tb_keanggotaan`
--

INSERT INTO `tb_keanggotaan` (`id_keanggotaan`, `id_variabel`, `b_bawah`, `b_tengah`, `b_atas`, `keterangan`) VALUES
(2, 3, 110, 120, 120, 'RENDAH'),
(3, 3, 110, 120, 140, 'NORMAL'),
(4, 3, 120, 140, 140, 'TINGGI'),
(5, 6, 0, 1, 1, 'YA'),
(6, 6, 0, 0, 0, 'TIDAK'),
(7, 5, 0, 1, 1, 'YA'),
(8, 5, 0, 0, 0, 'TIDAK'),
(9, 7, 18.5, 22.9, 22.9, 'KURUS'),
(10, 7, 18.5, 22.9, 24.9, 'NORMAL'),
(11, 7, 22.9, 24.9, 24.9, 'OBESITAS'),
(12, 2, 44, 50, 50, 'DEWASA'),
(13, 2, 44, 50, 60, 'LANSIA'),
(14, 2, 50, 60, 60, 'MANULA'),
(15, 4, 0, 1, 1, 'YA'),
(16, 4, 0, 0, 0, 'TIDAK'),
(17, 1, 0, 1, 1, 'L'),
(18, 1, 0, 0, 0, 'P');

-- --------------------------------------------------------

--
-- Table structure for table `tb_kesimpulan`
--

CREATE TABLE `tb_kesimpulan` (
  `id_kesimpulan` int(8) NOT NULL,
  `id_periksa` int(10) NOT NULL,
  `tgl_test` datetime NOT NULL,
  `username` varchar(20) NOT NULL,
  `nama_lengkap` varchar(50) NOT NULL,
  `jenis_kelamin` varchar(1) NOT NULL,
  `usia` int(3) NOT NULL,
  `z_total` float NOT NULL,
  `nama_diagnosa` varchar(20) NOT NULL
) ENGINE=InnoDB DEFAULT CHARSET=latin1;

--
-- Dumping data for table `tb_kesimpulan`
--

INSERT INTO `tb_kesimpulan` (`id_kesimpulan`, `id_periksa`, `tgl_test`, `username`, `nama_lengkap`, `jenis_kelamin`, `usia`, `z_total`, `nama_diagnosa`) VALUES
(1, 3, '2019-05-23 10:49:05', '01811461', 'Erwin Sutedjo', 'L', 64, 60, 'TINGGI'),
(2, 4, '2019-05-23 10:49:05', '00357540', 'Sogiyem', 'L', 89, 60, 'TINGGI'),
(3, 5, '2019-05-23 10:49:05', '01756066', 'Tugimin', 'P', 69, 15, 'SEDANG'),
(4, 6, '2019-05-23 10:49:05', '01836808', 'Suryaningsih', 'L', 57, 73.7313, 'TINGGI'),
(5, 7, '2019-05-23 10:49:05', '01779102', 'Isdaryanto', 'P', 37, 10, 'RENDAH'),
(6, 8, '2019-05-23 10:49:05', '01834532', 'Widi Setyaningrum', 'L', 59, 100, 'TINGGI'),
(7, 9, '2019-05-23 10:49:05', '01671868', 'Sri Rumini', 'L', 60, 100, 'TINGGI'),
(8, 10, '2019-05-23 10:49:05', '00160686', 'Poniyem ', 'L', 68, 100, 'TINGGI'),
(9, 11, '2019-05-23 10:49:05', '01342671', 'Slamet Noto Sudarmo', 'P', 74, 55, 'TINGGI'),
(10, 12, '2019-05-23 10:49:05', '01783167', 'Hj. Kartini', 'P', 62, 77.091, 'TINGGI'),
(11, 13, '2019-05-23 10:49:05', '00883358', 'Suharmiyah', 'P', 75, 100, 'TINGGI'),
(12, 14, '2019-05-23 10:49:05', '01791470', 'Sunaryo', 'L', 61, 60, 'TINGGI'),
(13, 15, '2019-05-23 10:49:05', '01547979', 'Sugiyatno', 'L', 54, 60, 'TINGGI'),
(14, 16, '2019-05-23 10:49:05', '01433593', 'Prana Prawidya', 'L', 36, 10, 'RENDAH'),
(15, 17, '2019-05-23 10:49:05', '01717193', 'SSS. Budha Parin', 'P', 61, 100, 'TINGGI'),
(16, 18, '2019-05-23 10:49:05', '01448149', 'Abdul Ghofur', 'L', 53, 60, 'TINGGI'),
(17, 19, '2019-05-23 10:49:05', '01832949', 'Herry Soeratho', 'L', 73, 60, 'TINGGI'),
(18, 20, '2019-05-23 10:49:05', '01672445', 'Radjiyono', 'L', 63, 60, 'TINGGI'),
(19, 21, '2019-05-23 10:49:05', '01143239', 'Achmad Yani', 'L', 74, 100, 'TINGGI'),
(20, 22, '2019-05-23 10:49:05', '01763019', 'Hari Danang Riya', 'L', 54, 52, 'TINGGI'),
(21, 23, '2019-05-23 10:49:05', '01592116', 'Suparno FX', 'L', 70, 43.3333, 'TINGGI'),
(22, 24, '2019-05-23 10:49:05', '01520734', 'Slamet Riyadi BP', 'L', 66, 60, 'TINGGI'),
(23, 25, '2019-05-23 10:49:05', '01701633', 'Komari ', 'L', 59, 100, 'TINGGI'),
(24, 26, '2019-05-23 10:49:05', '01619725', 'Iwan Wardoyo', 'L', 64, 60, 'TINGGI'),
(25, 27, '2019-05-23 10:49:05', '01681350', 'Waljiyono', 'L', 55, 70, 'TINGGI'),
(26, 28, '2019-05-23 10:49:05', '00515849', 'Candra Multasih', 'P', 48, 10, 'RENDAH'),
(27, 29, '2019-05-23 10:49:05', '01832948', 'Wahono', 'L', 60, 100, 'TINGGI'),
(28, 30, '2019-05-23 10:49:05', '01782143', 'Yahya Nasrul Fauzi', 'L', 53, 60, 'TINGGI'),
(29, 31, '2019-05-23 10:49:05', '01386341', 'Djasidi', 'L', 64, 60, 'TINGGI'),
(30, 32, '2019-05-23 10:49:05', '01820341', 'Slamet Triyono', 'L', 58, 84, 'TINGGI'),
(31, 33, '2019-05-23 10:49:05', '01546086', 'Sriyatun Purwanti', 'P', 67, 60, 'TINGGI'),
(32, 34, '2019-05-23 10:49:05', '01778435', 'Radiyem / Slamet', 'P', 68, 55, 'TINGGI'),
(33, 35, '2019-05-23 10:49:05', '01183934', 'Sarjono', 'L', 58, 100, 'TINGGI'),
(34, 36, '2019-05-23 10:49:05', '01825332', 'Hadi Muljo', 'L', 68, 60, 'TINGGI'),
(35, 37, '2019-05-23 10:49:05', '01813816', 'Joko Purwanto', 'L', 48, 10, 'RENDAH'),
(36, 38, '2019-05-23 10:49:05', '01031691', 'Suwandi, S.Pd', 'L', 60, 100, 'TINGGI'),
(37, 39, '2019-05-23 10:49:05', '01783368', 'Ari Bharata', 'L', 57, 100, 'TINGGI'),
(38, 40, '2019-05-23 10:49:05', '01760966', 'Elda Susunto', 'L', 49, 10, 'RENDAH'),
(39, 41, '2019-05-23 10:49:05', '01767356', 'Bahtiar Hendri', 'L', 46, 48.7253, 'TINGGI'),
(40, 42, '2019-05-23 10:49:05', '00346646', 'Budiyono', 'L', 75, 64, 'TINGGI'),
(41, 43, '2019-05-23 10:49:05', '01804543', 'Anggono', 'L', 67, 60, 'TINGGI'),
(42, 44, '2019-05-23 10:49:05', '01794417', 'Sadiyo', 'L', 61, 60, 'TINGGI'),
(43, 45, '2019-05-23 10:49:05', '01783807', 'Mulyadi', 'P', 59, 92, 'TINGGI'),
(44, 46, '2019-05-23 10:49:05', '01792411', 'Kuwadi', 'L', 39, 14, 'SEDANG'),
(45, 47, '2019-05-23 10:49:05', '01780466', 'Ana Setiawati', 'P', 22, 10, 'RENDAH'),
(46, 48, '2019-05-23 10:49:05', '01758753', 'Wiwik Lestari', 'P', 51, 10, 'RENDAH'),
(47, 49, '2019-05-23 10:49:05', '01799532', 'Dwi Budiyanti', 'P', 38, 10, 'RENDAH'),
(48, 50, '2019-05-23 10:49:05', '01096682', 'Muhammad Romandi', 'L', 78, 100, 'TINGGI'),
(49, 51, '2019-05-23 10:49:05', '01138534', 'Syamsuwarno', 'L', 61, 60, 'TINGGI'),
(50, 52, '2019-05-23 10:49:05', '01077697', 'Nurhadi', 'L', 65, 100, 'TINGGI'),
(51, 60, '2019-05-23 10:49:05', '01814814', 'Suharno', 'L', 57, 100, 'TINGGI'),
(52, 61, '2019-05-23 10:49:05', '01520038', 'Siti Mutmainah', 'L', 59, 92, 'TINGGI'),
(53, 62, '2019-05-23 10:49:05', '00692620', 'Ngadimin', 'P', 83, 100, 'TINGGI'),
(54, 67, '2019-05-23 10:49:05', '01328980', 'Yulina Siwi', 'P', 54, 100, 'TINGGI'),
(55, 68, '2019-05-23 10:49:05', '01815464', 'Slamet Tjolle', 'L', 54, 60, 'TINGGI'),
(56, 70, '2019-05-23 10:49:05', '01701605', 'Suhardani', 'L', 50, 60, 'TINGGI'),
(57, 71, '2019-05-23 10:49:05', '00431998', 'Weni Puji', 'P', 49, 10, 'RENDAH'),
(58, 72, '2019-05-23 10:49:05', '01595996', 'Mardilah', 'P', 65, 100, 'TINGGI'),
(59, 76, '2019-05-23 10:49:05', '01489832', 'Budi Siswanto', 'L', 74, 60, 'TINGGI'),
(60, 79, '2019-05-23 10:49:05', '00501807', 'Nuryanto', 'L', 53, 60, 'TINGGI'),
(61, 80, '2019-05-23 10:49:05', '01830004', 'Syamsul Rizal', 'L', 59, 92, 'TINGGI'),
(62, 81, '2019-05-23 10:49:05', '01802149', 'Sri Hatarani', 'P', 75, 100, 'TINGGI'),
(63, 86, '2019-05-23 10:49:05', '01435851', 'Suhartono', 'L', 53, 60, 'TINGGI'),
(64, 87, '2019-05-23 10:49:05', '01196122', 'Amalia Ratna', 'P', 32, 10, 'RENDAH'),
(65, 91, '2019-05-23 10:49:05', '01774677', 'Rasiyem', 'P', 70, 15, 'SEDANG'),
(66, 93, '2019-05-23 10:49:05', '01815274', 'Ramelan', 'L', 53, 44, 'TINGGI'),
(67, 98, '2019-05-23 10:49:05', '01800558', 'Sutarmi', 'P', 54, 100, 'TINGGI'),
(68, 103, '2019-05-23 10:49:05', '01114424', 'Tri Astuti', 'P', 33, 10, 'RENDAH'),
(69, 104, '2019-05-23 10:49:05', '01764415', 'Waliyem', 'P', 67, 20, 'SEDANG'),
(70, 106, '2019-05-23 10:49:05', '01822213', 'Yulius Agus Sutopo', 'L', 50, 60, 'TINGGI'),
(71, 107, '2019-05-23 10:49:05', '01788214', 'Nur Rahmatilah', 'P', 25, 10, 'RENDAH'),
(72, 109, '2019-05-23 10:49:05', '01777828', 'Retvi Arshanti', 'P', 20, 10, 'RENDAH'),
(73, 112, '2019-05-23 10:49:05', '01824949', 'Etty Lestari', 'P', 57, 100, 'TINGGI'),
(74, 113, '2019-05-23 10:49:05', '01816484', 'Siti Maesaroh', 'P', 28, 10, 'RENDAH'),
(75, 114, '2019-05-23 10:49:05', '01823292', 'Intando Reasi Supriyani', 'P', 26, 10, 'RENDAH'),
(76, 119, '2019-05-23 10:49:05', '01817382', 'Sugiharto', 'L', 66, 60, 'TINGGI'),
(77, 120, '2019-05-23 10:49:05', '01329777', 'Marlina Wulansari', 'P', 33, 10, 'RENDAH'),
(78, 121, '2019-05-23 10:49:05', '01509860', 'Suyatno Stephanus', 'L', 75, 60, 'TINGGI'),
(79, 122, '2019-05-23 10:49:05', '01774654', 'Galuh Arifin Syad', 'P', 23, 10, 'RENDAH'),
(80, 123, '2019-05-23 10:49:05', '01722850', 'Ratna Apriliani', 'P', 22, 10, 'RENDAH'),
(81, 125, '2019-05-23 10:49:05', '01829868', 'Agus Sugiyarno', 'L', 55, 86.6667, 'TINGGI'),
(82, 2, '2019-05-23 10:49:05', '01840400', 'Ardytiawarman GA', 'L', 32, 10, 'RENDAH');

-- --------------------------------------------------------

--
-- Table structure for table `tb_login`
--

CREATE TABLE `tb_login` (
  `username` varchar(15) NOT NULL,
  `password` varchar(60) NOT NULL,
  `stts` varchar(10) NOT NULL
) ENGINE=InnoDB DEFAULT CHARSET=latin1;

--
-- Dumping data for table `tb_login`
--

INSERT INTO `tb_login` (`username`, `password`, `stts`) VALUES
('00083114', '202cb962ac59075b964b07152d234b70', 'user'),
('00160686', '202cb962ac59075b964b07152d234b70', 'user'),
('00346646', '202cb962ac59075b964b07152d234b70', 'user'),
('00357540', '202cb962ac59075b964b07152d234b70', 'user'),
('00431998', '202cb962ac59075b964b07152d234b70', 'user'),
('00487816', '202cb962ac59075b964b07152d234b70', 'user'),
('00501807', '202cb962ac59075b964b07152d234b70', 'user'),
('00515849', '202cb962ac59075b964b07152d234b70', 'user'),
('00620394', '202cb962ac59075b964b07152d234b70', 'user'),
('00692620', '202cb962ac59075b964b07152d234b70', 'user'),
('00883358', '202cb962ac59075b964b07152d234b70', 'user'),
('01031691', '202cb962ac59075b964b07152d234b70', 'user'),
('01077697', '202cb962ac59075b964b07152d234b70', 'user'),
('01096682', '202cb962ac59075b964b07152d234b70', 'user'),
('01114424', '202cb962ac59075b964b07152d234b70', 'user'),
('01138534', '202cb962ac59075b964b07152d234b70', 'user'),
('01143239', '202cb962ac59075b964b07152d234b70', 'user'),
('01183934', '202cb962ac59075b964b07152d234b70', 'user'),
('01196122', '202cb962ac59075b964b07152d234b70', 'user'),
('01328980', '202cb962ac59075b964b07152d234b70', 'user'),
('01329777', '202cb962ac59075b964b07152d234b70', 'user'),
('01338980', '202cb962ac59075b964b07152d234b70', 'user'),
('01342671', '202cb962ac59075b964b07152d234b70', 'user'),
('01386341', '202cb962ac59075b964b07152d234b70', 'user'),
('01433593', '202cb962ac59075b964b07152d234b70', 'user'),
('01435851', '202cb962ac59075b964b07152d234b70', 'user'),
('01436931', '202cb962ac59075b964b07152d234b70', 'user'),
('01448149', '202cb962ac59075b964b07152d234b70', 'user'),
('01489832', '202cb962ac59075b964b07152d234b70', 'user'),
('01509860', '202cb962ac59075b964b07152d234b70', 'user'),
('01520038', '202cb962ac59075b964b07152d234b70', 'user'),
('01520734', '202cb962ac59075b964b07152d234b70', 'user'),
('01527469', '202cb962ac59075b964b07152d234b70', 'user'),
('01546086', '202cb962ac59075b964b07152d234b70', 'user'),
('01547979', '202cb962ac59075b964b07152d234b70', 'user'),
('01554274', '202cb962ac59075b964b07152d234b70', 'user'),
('01592116', '202cb962ac59075b964b07152d234b70', 'user'),
('01595996', '202cb962ac59075b964b07152d234b70', 'user'),
('01619725', '202cb962ac59075b964b07152d234b70', 'user'),
('01656634', '202cb962ac59075b964b07152d234b70', 'user'),
('01671868', '202cb962ac59075b964b07152d234b70', 'user'),
('01672445', '202cb962ac59075b964b07152d234b70', 'user'),
('01681350', '202cb962ac59075b964b07152d234b70', 'user'),
('01695169', '202cb962ac59075b964b07152d234b70', 'user'),
('01701605', '202cb962ac59075b964b07152d234b70', 'user'),
('01701633', '202cb962ac59075b964b07152d234b70', 'user'),
('01717193', '202cb962ac59075b964b07152d234b70', 'user'),
('01719794', '202cb962ac59075b964b07152d234b70', 'user'),
('01722850', '202cb962ac59075b964b07152d234b70', 'user'),
('01732543', '202cb962ac59075b964b07152d234b70', 'user'),
('01737726', '202cb962ac59075b964b07152d234b70', 'user'),
('01756066', '202cb962ac59075b964b07152d234b70', 'user'),
('01758753', '202cb962ac59075b964b07152d234b70', 'user'),
('01760966', '202cb962ac59075b964b07152d234b70', 'user'),
('01763019', '202cb962ac59075b964b07152d234b70', 'user'),
('01764415', '202cb962ac59075b964b07152d234b70', 'user'),
('01767356', '202cb962ac59075b964b07152d234b70', 'user'),
('01774654', '202cb962ac59075b964b07152d234b70', 'user'),
('01774677', '202cb962ac59075b964b07152d234b70', 'user'),
('01775070', '202cb962ac59075b964b07152d234b70', 'user'),
('01777143', '202cb962ac59075b964b07152d234b70', 'user'),
('01777828', '202cb962ac59075b964b07152d234b70', 'user'),
('01778435', '202cb962ac59075b964b07152d234b70', 'user'),
('01779102', '202cb962ac59075b964b07152d234b70', 'user'),
('01780241', '202cb962ac59075b964b07152d234b70', 'user'),
('01780466', '202cb962ac59075b964b07152d234b70', 'user'),
('01782143', '202cb962ac59075b964b07152d234b70', 'user'),
('01783167', '202cb962ac59075b964b07152d234b70', 'user'),
('01783368', '202cb962ac59075b964b07152d234b70', 'user'),
('01783807', '202cb962ac59075b964b07152d234b70', 'user'),
('01788214', '202cb962ac59075b964b07152d234b70', 'user'),
('01791470', '202cb962ac59075b964b07152d234b70', 'user'),
('01792411', '202cb962ac59075b964b07152d234b70', 'user'),
('01794417', '202cb962ac59075b964b07152d234b70', 'user'),
('01799532', '202cb962ac59075b964b07152d234b70', 'user'),
('01799729', '202cb962ac59075b964b07152d234b70', 'user'),
('01800558', '202cb962ac59075b964b07152d234b70', 'user'),
('01802149', '202cb962ac59075b964b07152d234b70', 'user'),
('01804543', '202cb962ac59075b964b07152d234b70', 'user'),
('01811461', '202cb962ac59075b964b07152d234b70', 'user'),
('01813816', '202cb962ac59075b964b07152d234b70', 'user'),
('01814814', '202cb962ac59075b964b07152d234b70', 'user'),
('01815274', '202cb962ac59075b964b07152d234b70', 'user'),
('01815464', '202cb962ac59075b964b07152d234b70', 'user'),
('01816484', '202cb962ac59075b964b07152d234b70', 'user'),
('01817346', '202cb962ac59075b964b07152d234b70', 'user'),
('01817382', '202cb962ac59075b964b07152d234b70', 'user'),
('01817599', '202cb962ac59075b964b07152d234b70', 'user'),
('01820341', '202cb962ac59075b964b07152d234b70', 'user'),
('01822145', '202cb962ac59075b964b07152d234b70', 'user'),
('01822213', '202cb962ac59075b964b07152d234b70', 'user'),
('01823292', '202cb962ac59075b964b07152d234b70', 'user'),
('01823485', '202cb962ac59075b964b07152d234b70', 'user'),
('01824949', '202cb962ac59075b964b07152d234b70', 'user'),
('01825332', '202cb962ac59075b964b07152d234b70', 'user'),
('01826257', '202cb962ac59075b964b07152d234b70', 'user'),
('01828060', '202cb962ac59075b964b07152d234b70', 'user'),
('01828072', '202cb962ac59075b964b07152d234b70', 'user'),
('01829215', '202cb962ac59075b964b07152d234b70', 'user'),
('01829413', '202cb962ac59075b964b07152d234b70', 'user'),
('01829446', '202cb962ac59075b964b07152d234b70', 'user'),
('01829868', '202cb962ac59075b964b07152d234b70', 'user'),
('01830004', '202cb962ac59075b964b07152d234b70', 'user'),
('01830190', '202cb962ac59075b964b07152d234b70', 'user'),
('01831083', '202cb962ac59075b964b07152d234b70', 'user'),
('01832697', '202cb962ac59075b964b07152d234b70', 'user'),
('01832948', '202cb962ac59075b964b07152d234b70', 'user'),
('01832949', '202cb962ac59075b964b07152d234b70', 'user'),
('01832991', '202cb962ac59075b964b07152d234b70', 'user'),
('01833683', '202cb962ac59075b964b07152d234b70', 'user'),
('01834284', '202cb962ac59075b964b07152d234b70', 'user'),
('01834532', '202cb962ac59075b964b07152d234b70', 'user'),
('01836808', '202cb962ac59075b964b07152d234b70', 'user'),
('01837400', '202cb962ac59075b964b07152d234b70', 'user'),
('01837477', '202cb962ac59075b964b07152d234b70', 'user'),
('01837567', '202cb962ac59075b964b07152d234b70', 'user'),
('01837864', '202cb962ac59075b964b07152d234b70', 'user'),
('01839455', '202cb962ac59075b964b07152d234b70', 'user'),
('01839591', '202cb962ac59075b964b07152d234b70', 'user'),
('01839597', '202cb962ac59075b964b07152d234b70', 'user'),
('01839598', '202cb962ac59075b964b07152d234b70', 'user'),
('01839599', '202cb962ac59075b964b07152d234b70', 'user'),
('01840281', '202cb962ac59075b964b07152d234b70', 'user'),
('01840321', '202cb962ac59075b964b07152d234b70', 'user'),
('01840344', '202cb962ac59075b964b07152d234b70', 'user'),
('01840346', '202cb962ac59075b964b07152d234b70', 'user'),
('01840400', '202cb962ac59075b964b07152d234b70', 'user'),
('01841490', '202cb962ac59075b964b07152d234b70', 'user'),
('840400', '202cb962ac59075b964b07152d234b70', 'user'),
('admin', '202cb962ac59075b964b07152d234b70', 'admin'),
('Dummy', '202cb962ac59075b964b07152d234b70', 'user'),
('operator1', '202cb962ac59075b964b07152d234b70', 'operator'),
('operator2', '202cb962ac59075b964b07152d234b70', 'operator');

-- --------------------------------------------------------

--
-- Table structure for table `tb_periksa`
--

CREATE TABLE `tb_periksa` (
  `id_periksa` int(10) NOT NULL,
  `username` varchar(15) NOT NULL,
  `var_gender` int(1) DEFAULT NULL,
  `var_usia` int(3) DEFAULT NULL,
  `var_sistol` float DEFAULT NULL,
  `var_diastol` float DEFAULT NULL,
  `var_HT` int(1) DEFAULT NULL,
  `var_smoker` int(1) DEFAULT NULL,
  `GD` float DEFAULT NULL,
  `var_GD` int(1) DEFAULT NULL,
  `tinggi` int(3) DEFAULT NULL,
  `berat` int(3) DEFAULT NULL,
  `var_BMI` float DEFAULT NULL,
  `tgl_test` timestamp NOT NULL DEFAULT CURRENT_TIMESTAMP,
  `valid` int(1) NOT NULL
) ENGINE=InnoDB DEFAULT CHARSET=latin1;

--
-- Dumping data for table `tb_periksa`
--

INSERT INTO `tb_periksa` (`id_periksa`, `username`, `var_gender`, `var_usia`, `var_sistol`, `var_diastol`, `var_HT`, `var_smoker`, `GD`, `var_GD`, `tinggi`, `berat`, `var_BMI`, `tgl_test`, `valid`) VALUES
(2, '01840400', 1, 32, 131, 95, 0, 1, 107, 0, 170, 85, 294.118, '2019-05-23 03:49:05', 1),
(3, '01811461', 1, 64, 148, 74, 1, 0, 222, 1, 165, 66, 24.24, '2019-05-23 03:49:05', 1),
(4, '00357540', 1, 89, 170, 70, 1, 1, 120, 0, 164, 75, 27.89, '2019-05-23 03:49:05', 1),
(5, '01756066', 0, 69, 120, 50, 0, 0, 116, 0, 150, 41, 18.22, '2019-05-23 03:49:05', 1),
(6, '01836808', 1, 57, 121, 81, 0, 1, 121, 0, 168, 57, 20.2, '2019-05-23 03:49:05', 1),
(7, '01779102', 0, 37, 138, 88, 0, 0, 124, 0, 156, 58, 23.83, '2019-05-23 03:49:05', 1),
(8, '01834532', 1, 59, 120, 83, 1, 1, 139, 1, 155, 55, 22.89, '2019-05-23 03:49:05', 1),
(9, '01671868', 1, 60, 175, 74, 1, 0, 162, 1, 165, 91, 33.43, '2019-05-23 03:49:05', 1),
(10, '00160686', 1, 68, 160, 88, 1, 1, 212, 1, 166, 82, 29.76, '2019-05-23 03:49:05', 1),
(11, '01342671', 0, 74, 179, 85, 1, 0, 118, 0, 150, 45, 20, '2019-05-23 03:49:05', 1),
(12, '01783167', 0, 62, 156, 70, 1, 0, 112, 0, 150, 49, 21.78, '2019-05-23 03:49:05', 1),
(13, '00883358', 0, 75, 125, 58, 1, 0, 225, 1, 153, 55, 23.5, '2019-05-23 03:49:05', 1),
(14, '01791470', 1, 61, 125, 80, 0, 1, 256, 1, 160, 67, 26.17, '2019-05-23 03:49:05', 1),
(15, '01547979', 1, 54, 146, 74, 1, 0, 200, 1, 161, 90, 34.72, '2019-05-23 03:49:05', 1),
(16, '01433593', 1, 36, 130, 87, 1, 1, 115, 0, 177, 94, 30, '2019-05-23 03:49:05', 1),
(17, '01717193', 0, 61, 129, 60, 1, 0, 187, 1, 162, 67, 25.53, '2019-05-23 03:49:05', 1),
(18, '01448149', 1, 53, 153, 81, 0, 1, 157, 1, 167, 78, 27.97, '2019-05-23 03:49:05', 1),
(19, '01832949', 1, 73, 112, 56, 1, 1, 117, 0, 165, 67, 24.61, '2019-05-23 03:49:05', 1),
(20, '01672445', 1, 63, 106, 66, 0, 0, 175, 1, 160, 75, 29.3, '2019-05-23 03:49:05', 1),
(21, '01143239', 1, 74, 140, 63, 0, 1, 80, 0, 162, 55, 20.96, '2019-05-23 03:49:05', 1),
(22, '01763019', 1, 54, 120, 73, 0, 1, 113, 0, 160, 51, 19.92, '2019-05-23 03:49:05', 1),
(23, '01592116', 1, 70, 130, 60, 1, 0, 107, 0, 161, 75, 28.93, '2019-05-23 03:49:05', 1),
(24, '01520734', 1, 66, 107, 60, 1, 1, 40, 0, 167, 77, 27.61, '2019-05-23 03:49:05', 1),
(25, '01701633', 1, 59, 154, 79, 1, 1, 317, 1, 166, 71, 25.77, '2019-05-23 03:49:05', 1),
(26, '01619725', 1, 64, 121, 37, 1, 0, 237, 1, 165, 60, 22.04, '2019-05-23 03:49:05', 1),
(27, '01681350', 1, 55, 117, 67, 1, 1, 167, 1, 150, 73, 32.44, '2019-05-23 03:49:05', 1),
(28, '00515849', 0, 48, 109, 67, 1, 0, 105, 0, 162, 76, 28.96, '2019-05-23 03:49:05', 1),
(29, '01832948', 1, 60, 145, 76, 1, 1, 274, 1, 172, 75, 25.35, '2019-05-23 03:49:05', 1),
(30, '01782143', 1, 53, 144, 93, 0, 1, 107, 0, 159, 61, 24.13, '2019-05-23 03:49:05', 1),
(31, '01386341', 1, 64, 119, 79, 1, 0, 147, 1, 168, 74, 26.22, '2019-05-23 03:49:05', 1),
(32, '01820341', 1, 58, 109, 84, 1, 1, 147, 1, 179, 83, 25.9, '2019-05-23 03:49:05', 1),
(33, '01546086', 0, 67, 112, 61, 1, 0, 153, 1, 150, 58, 25.78, '2019-05-23 03:49:05', 1),
(34, '01778435', 0, 68, 135, 51, 1, 0, 110, 0, 156, 48, 19.72, '2019-05-23 03:49:05', 1),
(35, '01183934', 1, 58, 128, 79, 1, 1, 162, 1, 163, 72, 27.1, '2019-05-23 03:49:05', 1),
(36, '01825332', 1, 68, 160, 90, 0, 1, 124, 0, 160, 58, 22.66, '2019-05-23 03:49:05', 1),
(37, '01813816', 1, 48, 103, 69, 1, 0, 100, 0, 155, 50, 20.81, '2019-05-23 03:49:05', 1),
(38, '01031691', 1, 60, 169, 89, 0, 1, 259, 1, 160, 70, 27.34, '2019-05-23 03:49:05', 1),
(39, '01783368', 1, 57, 140, 90, 1, 1, 89, 0, 160, 72, 28.13, '2019-05-23 03:49:05', 1),
(40, '01760966', 1, 49, 116, 80, 1, 0, 103, 0, 163, 55, 20.7, '2019-05-23 03:49:05', 1),
(41, '01767356', 1, 46, 127, 75, 0, 1, 162, 1, 168, 68, 24.09, '2019-05-23 03:49:05', 1),
(42, '00346646', 1, 75, 131, 80, 1, 1, 100, 0, 163, 50, 18.82, '2019-05-23 03:49:05', 1),
(43, '01804543', 1, 67, 165, 85, 0, 0, 147, 1, 169, 73, 25.56, '2019-05-23 03:49:05', 1),
(44, '01794417', 1, 61, 120, 70, 0, 1, 126, 1, 160, 60, 23.44, '2019-05-23 03:49:05', 1),
(45, '01783807', 0, 59, 119, 52, 1, 0, 152, 1, 169, 75, 26.26, '2019-05-23 03:49:05', 1),
(46, '01792411', 1, 39, 114, 65, 0, 1, 141, 1, 157, 55, 22.31, '2019-05-23 03:49:05', 1),
(47, '01780466', 0, 22, 109, 63, 1, 0, 80, 0, 160, 39, 15.23, '2019-05-23 03:49:05', 1),
(48, '01758753', 0, 51, 116, 59, 0, 0, 172, 1, 167, 67, 24.02, '2019-05-23 03:49:05', 1),
(49, '01799532', 0, 38, 128, 82, 1, 0, 87, 0, 152, 60, 25.97, '2019-05-23 03:49:05', 1),
(50, '01096682', 1, 78, 120, 70, 1, 1, 133, 1, 160, 50, 19.53, '2019-05-23 03:49:05', 1),
(51, '01138534', 1, 61, 111, 74, 1, 0, 131, 1, 181, 73, 22.28, '2019-05-23 03:49:05', 1),
(52, '01077697', 1, 65, 138, 78, 1, 1, 147, 1, 167, 74, 26.53, '2019-05-23 03:49:05', 1),
(53, '01840321', 1, 55, 121, 73, 1, 1, 0, 0, 160, 47, 18.36, '2019-05-23 03:49:05', 0),
(54, '00083114', 0, 43, 124, 81, 0, 0, 0, 0, 0, 0, 0, '2019-05-23 03:49:05', 0),
(55, '01840346', 0, 50, 96, 64, 1, 0, 0, 0, 150, 50, 22.22, '2019-05-23 03:49:05', 0),
(56, '01840344', 0, 52, 170, 81, 0, 0, 0, 0, 165, 71, 26.08, '2019-05-23 03:49:05', 0),
(57, '01656634', 0, 34, 120, 80, 1, 0, 0, 0, 150, 49, 21.78, '2019-05-23 03:49:05', 0),
(58, '01837864', 0, 68, 165, 94, 1, 0, 0, 0, 150, 35, 15.56, '2019-05-23 03:49:05', 0),
(59, '01436931', 1, 52, 153, 99, 0, 1, 0, 0, 0, 0, 0, '2019-05-23 03:49:05', 0),
(60, '01814814', 1, 57, 129, 81, 1, 1, 162, 1, 165, 75, 27.55, '2019-05-23 03:49:05', 1),
(61, '01520038', 1, 59, 104, 30, 1, 1, 146, 1, 162, 70, 26.67, '2019-05-23 03:49:05', 1),
(62, '00692620', 0, 83, 217, 105, 0, 0, 125, 0, 152, 70, 30.3, '2019-05-23 03:49:05', 1),
(63, '01737726', 0, 78, 117, 69, 1, 0, 0, 0, 157, 58, 23.53, '2019-05-23 03:49:05', 0),
(64, '01830190', 0, 43, 114, 67, 1, 0, 0, 0, 142, 49, 24.3, '2019-05-23 03:49:05', 0),
(65, '01837567', 0, 64, 134, 75, 0, 0, 0, 0, 147, 53, 24.53, '2019-05-23 03:49:05', 0),
(66, '01338980', 0, 58, 93, 59, 0, 0, 0, 0, 158, 72, 28.84, '2019-05-23 03:49:05', 0),
(67, '01328980', 0, 54, 160, 100, 1, 0, 581, 1, 157, 49, 19.88, '2019-05-23 03:49:05', 1),
(68, '01815464', 1, 54, 158, 80, 1, 1, 94, 0, 165, 60, 22.04, '2019-05-23 03:49:05', 1),
(69, '01829446', 1, 58, 156, 111, 0, 1, 0, 0, 160, 62, 24.22, '2019-05-23 03:49:05', 0),
(70, '01701605', 1, 50, 144, 85, 0, 1, 139, 1, 167, 65, 23.31, '2019-05-23 03:49:05', 1),
(71, '00431998', 0, 49, 145, 92, 1, 0, 95, 0, 168, 46, 16.3, '2019-05-23 03:49:05', 1),
(72, '01595996', 0, 65, 135, 84, 1, 0, 178, 1, 162, 85, 32.39, '2019-05-23 03:49:05', 1),
(73, '01719794', 0, 64, 186, 87, 1, 0, 0, 0, 155, 67, 27.89, '2019-05-23 03:49:05', 0),
(74, '01823485', 1, 57, 162, 98, 1, 1, 0, 0, 160, 60, 23.44, '2019-05-23 03:49:05', 0),
(75, '01554274', 1, 53, 137, 84, 1, 1, 77, 0, 0, 0, 0, '2019-05-23 03:49:05', 0),
(76, '01489832', 1, 74, 145, 76, 0, 1, 95, 0, 160, 64, 25, '2019-05-23 03:49:05', 1),
(77, '01777143', 0, 93, 190, 110, 0, 0, 0, 0, 160, 56, 21.88, '2019-05-23 03:49:05', 0),
(78, '00487816', 1, 60, 135, 83, 1, 1, 0, 0, 165, 65, 23.88, '2019-05-23 03:49:05', 0),
(79, '00501807', 1, 53, 180, 110, 0, 1, 153, 1, 159, 70, 27.69, '2019-05-23 03:49:05', 1),
(80, '01830004', 1, 59, 108, 69, 1, 1, 190, 1, 169, 79, 27.66, '2019-05-23 03:49:05', 1),
(81, '01802149', 0, 75, 140, 69, 0, 0, 120, 0, 147, 46, 21.29, '2019-05-23 03:49:05', 1),
(82, '01832991', 1, 64, 115, 71, 0, 1, 126, 1, 0, 0, 0, '2019-05-23 03:49:05', 0),
(83, '01839591', 1, 42, 120, 79, 1, 1, 0, 0, 165, 96, 35.26, '2019-05-23 03:49:05', 0),
(84, '01829215', 0, 71, 155, 87, 0, 0, 0, 0, 155, 55, 22.89, '2019-05-23 03:49:05', 0),
(85, '01841490', 1, 64, 0, 0, 0, 1, 0, 0, 171, 85, 29.07, '2019-05-23 03:49:05', 0),
(86, '01435851', 1, 53, 130, 73, 1, 1, 123, 0, 160, 67, 26.17, '2019-05-23 03:49:05', 1),
(87, '01196122', 0, 32, 164, 103, 1, 0, 80, 0, 162, 76, 28.96, '2019-05-23 03:49:05', 1),
(88, '01695169', 1, 58, 101, 53, 1, 1, 0, 0, 162, 65, 24.77, '2019-05-23 03:49:05', 0),
(89, '01832697', 0, 32, 110, 65, 0, 0, 0, 0, 157, 60, 24.34, '2019-05-23 03:49:05', 0),
(90, '01831083', 0, 34, 105, 64, 1, 0, 0, 0, 147, 37, 17.12, '2019-05-23 03:49:05', 0),
(91, '01774677', 0, 70, 118, 69, 0, 0, 102, 0, 152, 40, 17.31, '2019-05-23 03:49:05', 1),
(92, '01837477', 1, 47, 114, 87, 1, 1, 0, 0, 173, 60, 20.05, '2019-05-23 03:49:05', 0),
(93, '01815274', 1, 53, 79, 52, 0, 1, 106, 0, 165, 60, 22.04, '2019-05-23 03:49:05', 1),
(94, '01828072', 1, 57, 124, 71, 1, 1, 0, 0, 157, 65, 26.37, '2019-05-23 03:49:05', 0),
(95, '01775070', 1, 59, 164, 94, 1, 1, 0, 0, 174, 60, 19.82, '2019-05-23 03:49:05', 0),
(96, '01527469', 1, 71, 126, 64, 1, 1, 0, 0, 154, 44, 18.55, '2019-05-23 03:49:05', 0),
(97, '01828060', 1, 56, 125, 54, 1, 1, 0, 0, 160, 65, 25.39, '2019-05-23 03:49:05', 0),
(98, '01800558', 0, 54, 139, 88, 1, 0, 104, 0, 160, 69, 26.95, '2019-05-23 03:49:05', 1),
(99, '01826257', 1, 57, 120, 76, 1, 1, 0, 0, 155, 49, 20.4, '2019-05-23 03:49:05', 0),
(100, '01732543', 1, 54, 112, 57, 0, 1, 0, 0, 160, 57, 22.27, '2019-05-23 03:49:05', 0),
(101, '01780241', 0, 59, 110, 67, 1, 0, 0, 0, 150, 41, 18.22, '2019-05-23 03:49:05', 0),
(102, '01799729', 1, 47, 112, 74, 1, 1, 713, 1, 165, 43, 15.79, '2019-05-23 03:49:05', 0),
(103, '01114424', 0, 33, 120, 78, 1, 0, 86, 0, 165, 78, 28.65, '2019-05-23 03:49:05', 1),
(104, '01764415', 0, 67, 121, 74, 0, 0, 126, 1, 158, 44, 17.63, '2019-05-23 03:49:05', 1),
(105, '01837400', 0, 45, 161, 93, 0, 0, 0, 0, 155, 70, 29.14, '2019-05-23 03:49:05', 0),
(106, '01822213', 1, 50, 153, 100, 1, 1, 109, 0, 160, 73, 28.52, '2019-05-23 03:49:05', 1),
(107, '01788214', 0, 25, 103, 75, 1, 0, 83, 0, 150, 43, 19.11, '2019-05-23 03:49:05', 1),
(108, '01829413', 0, 20, 102, 75, 0, 0, 0, 0, 135, 25, 13.72, '2019-05-23 03:49:05', 0),
(109, '01777828', 0, 20, 115, 75, 0, 0, 292, 1, 152, 38, 16.45, '2019-05-23 03:49:05', 1),
(110, '01822145', 1, 23, 138, 72, 1, 1, 0, 0, 168, 0, 0, '2019-05-23 03:49:05', 0),
(111, '01817346', 1, 32, 138, 87, 1, 1, 0, 0, 169, 0, 0, '2019-05-23 03:49:05', 0),
(112, '01824949', 0, 57, 158, 91, 1, 0, 109, 0, 161, 74, 28.55, '2019-05-23 03:49:05', 1),
(113, '01816484', 0, 28, 107, 63, 0, 0, 127, 1, 140, 38, 19.39, '2019-05-23 03:49:05', 1),
(114, '01823292', 0, 26, 111, 64, 0, 0, 95, 0, 164, 40, 14.87, '2019-05-23 03:49:05', 1),
(115, '01834284', 0, 20, 100, 70, 0, 0, 0, 0, 156, 47, 19.31, '2019-05-23 03:49:05', 0),
(116, '00620394', 1, 47, 129, 81, 0, 1, 0, 0, 0, 0, 0, '2019-05-23 03:49:05', 0),
(117, '01840281', 0, 62, 105, 63, 0, 0, 0, 0, 0, 56, 0, '2019-05-23 03:49:05', 0),
(118, '01833683', 1, 52, 110, 65, 1, 1, 0, 0, 170, 75, 25.95, '2019-05-23 03:49:05', 0),
(119, '01817382', 1, 66, 159, 61, 0, 1, 271, 1, 165, 60, 22.04, '2019-05-23 03:49:05', 1),
(120, '01329777', 0, 33, 114, 74, 1, 0, 89, 0, 158, 70, 28.04, '2019-05-23 03:49:05', 1),
(121, '01509860', 1, 75, 113, 64, 1, 1, 125, 0, 165, 51, 18.73, '2019-05-23 03:49:05', 1),
(122, '01774654', 0, 23, 113, 68, 1, 0, 83, 0, 156, 43, 17.67, '2019-05-23 03:49:05', 1),
(123, '01722850', 0, 22, 130, 70, 0, 0, 68, 0, 149, 45, 20.27, '2019-05-23 03:49:05', 1),
(124, '01817599', 1, 47, 106, 65, 0, 1, 85, 0, 0, 0, 0, '2019-05-23 03:49:05', 0),
(125, '01829868', 1, 55, 138, 73, 0, 1, 179, 1, 170, 95, 32.87, '2019-05-23 03:49:05', 1),
(126, '01839455', 1, 60, 0, 0, 0, 1, 0, 0, 0, 0, 0, '2019-05-23 03:49:05', 0),
(127, '01829868', 1, 54, 109, 84, 1, 1, 147, 1, 179, 83, 25.9043, '2019-05-23 03:49:05', 1),
(134, '01839597', 1, 21, 135, 84, 1, 1, 130, 1, 166, 60, 21.7738, '2019-07-01 12:18:10', 1),
(135, '01839598', 0, 45, 135, 84, 1, 0, 130, 1, 166, 60, 21.7738, '2019-07-01 12:30:04', 1);

-- --------------------------------------------------------

--
-- Table structure for table `tb_petugas`
--

CREATE TABLE `tb_petugas` (
  `id_petugas` int(10) NOT NULL,
  `username` varchar(15) NOT NULL,
  `nama` varchar(100) NOT NULL,
  `img` varchar(50) NOT NULL,
  `gender` enum('L','P') NOT NULL,
  `alamat` text NOT NULL,
  `hp` varchar(15) NOT NULL,
  `ket` text NOT NULL
) ENGINE=InnoDB DEFAULT CHARSET=latin1;

--
-- Dumping data for table `tb_petugas`
--

INSERT INTO `tb_petugas` (`id_petugas`, `username`, `nama`, `img`, `gender`, `alamat`, `hp`, `ket`) VALUES
(1, 'admin', 'Kelompok 4', 'T3JIZC2ADGUNP74YRX016WKHMOFLE8QVBS95.png', 'L', 'Jl. Sariasih No.54, Sarijadi Kota Bandung 40151', '081916977779', 'Ruang Admin'),
(2, 'operator1', 'Operator', 'A8WOTQ1XKUY46CSGN02RJVBIPDL7M5H3FE9Z.jpg', 'L', 'Jl. Sariasih No.54, Sarijadi Kota Bandung 40151', '0818-9338154', 'Ruang Operator'),
(3, 'operator2', 'Alwan Suryansah', 'Y2EHUJ4BW7FLXSPDCI81RMK9O6TZ05QV3GAN.jpg', 'L', 'Jl. Sariasih No.54, Sarijadi Kota Bandung 40151', '081916977778', 'Ruang Operator 2');

-- --------------------------------------------------------

--
-- Table structure for table `tb_rule`
--

CREATE TABLE `tb_rule` (
  `id_rule` int(11) NOT NULL,
  `gender` varchar(20) NOT NULL,
  `usia` varchar(20) NOT NULL,
  `tekanan_darah` varchar(20) NOT NULL,
  `bmi` varchar(20) NOT NULL,
  `HT` varchar(20) NOT NULL,
  `smoker` varchar(20) NOT NULL,
  `GD` varchar(20) NOT NULL,
  `tingkat_risiko` varchar(20) NOT NULL
) ENGINE=InnoDB DEFAULT CHARSET=latin1;

--
-- Dumping data for table `tb_rule`
--

INSERT INTO `tb_rule` (`id_rule`, `gender`, `usia`, `tekanan_darah`, `bmi`, `HT`, `smoker`, `GD`, `tingkat_risiko`) VALUES
(1, 'P', 'DEWASA', 'RENDAH', 'KURUS', 'TIDAK', 'TIDAK', 'TIDAK', 'RENDAH'),
(2, 'P', 'DEWASA', 'RENDAH', 'NORMAL', 'TIDAK', 'TIDAK', 'TIDAK', 'RENDAH'),
(3, 'P', 'DEWASA', 'RENDAH', 'OBESITAS', 'TIDAK', 'TIDAK', 'TIDAK', 'RENDAH'),
(4, 'P', 'DEWASA', 'RENDAH', 'KURUS', 'TIDAK', 'TIDAK', 'YA', 'RENDAH'),
(5, 'P', 'DEWASA', 'RENDAH', 'NORMAL', 'TIDAK', 'TIDAK', 'YA', 'RENDAH'),
(6, 'P', 'DEWASA', 'RENDAH', 'OBESITAS', 'TIDAK', 'TIDAK', 'YA', 'RENDAH'),
(7, 'P', 'DEWASA', 'RENDAH', 'KURUS', 'TIDAK', 'YA', 'TIDAK', 'RENDAH'),
(8, 'P', 'DEWASA', 'RENDAH', 'NORMAL', 'TIDAK', 'YA', 'TIDAK', 'RENDAH'),
(9, 'P', 'DEWASA', 'RENDAH', 'OBESITAS', 'TIDAK', 'YA', 'TIDAK', 'RENDAH'),
(10, 'P', 'DEWASA', 'RENDAH', 'KURUS', 'TIDAK', 'YA', 'YA', 'RENDAH'),
(11, 'P', 'DEWASA', 'RENDAH', 'NORMAL', 'TIDAK', 'YA', 'YA', 'RENDAH'),
(12, 'P', 'DEWASA', 'RENDAH', 'OBESITAS', 'TIDAK', 'YA', 'YA', 'RENDAH'),
(13, 'P', 'DEWASA', 'RENDAH', 'KURUS', 'YA', 'TIDAK', 'TIDAK', 'RENDAH'),
(14, 'P', 'DEWASA', 'RENDAH', 'NORMAL', 'YA', 'TIDAK', 'TIDAK', 'RENDAH'),
(15, 'P', 'DEWASA', 'RENDAH', 'OBESITAS', 'YA', 'TIDAK', 'TIDAK', 'RENDAH'),
(16, 'P', 'DEWASA', 'RENDAH', 'KURUS', 'YA', 'TIDAK', 'YA', 'RENDAH'),
(17, 'P', 'DEWASA', 'RENDAH', 'NORMAL', 'YA', 'TIDAK', 'YA', 'RENDAH'),
(18, 'P', 'DEWASA', 'RENDAH', 'OBESITAS', 'YA', 'TIDAK', 'YA', 'RENDAH'),
(19, 'P', 'DEWASA', 'RENDAH', 'KURUS', 'YA', 'YA', 'TIDAK', 'RENDAH'),
(20, 'P', 'DEWASA', 'RENDAH', 'NORMAL', 'YA', 'YA', 'TIDAK', 'RENDAH'),
(21, 'P', 'DEWASA', 'RENDAH', 'OBESITAS', 'YA', 'YA', 'TIDAK', 'RENDAH'),
(22, 'P', 'DEWASA', 'RENDAH', 'KURUS', 'YA', 'YA', 'YA', 'RENDAH'),
(23, 'P', 'DEWASA', 'RENDAH', 'NORMAL', 'YA', 'YA', 'YA', 'SEDANG'),
(24, 'P', 'DEWASA', 'RENDAH', 'OBESITAS', 'YA', 'YA', 'YA', 'SEDANG'),
(25, 'P', 'DEWASA', 'NORMAL', 'KURUS', 'TIDAK', 'TIDAK', 'TIDAK', 'RENDAH'),
(26, 'P', 'DEWASA', 'NORMAL', 'NORMAL', 'TIDAK', 'TIDAK', 'TIDAK', 'RENDAH'),
(27, 'P', 'DEWASA', 'NORMAL', 'OBESITAS', 'TIDAK', 'TIDAK', 'TIDAK', 'RENDAH'),
(28, 'P', 'DEWASA', 'NORMAL', 'KURUS', 'TIDAK', 'TIDAK', 'YA', 'RENDAH'),
(29, 'P', 'DEWASA', 'NORMAL', 'NORMAL', 'TIDAK', 'TIDAK', 'YA', 'SEDANG'),
(30, 'P', 'DEWASA', 'NORMAL', 'OBESITAS', 'TIDAK', 'TIDAK', 'YA', 'SEDANG'),
(31, 'P', 'DEWASA', 'NORMAL', 'KURUS', 'TIDAK', 'YA', 'TIDAK', 'SEDANG'),
(32, 'P', 'DEWASA', 'NORMAL', 'NORMAL', 'TIDAK', 'YA', 'TIDAK', 'SEDANG'),
(33, 'P', 'DEWASA', 'NORMAL', 'OBESITAS', 'TIDAK', 'YA', 'TIDAK', 'SEDANG'),
(34, 'P', 'DEWASA', 'NORMAL', 'KURUS', 'TIDAK', 'YA', 'YA', 'SEDANG'),
(35, 'P', 'DEWASA', 'NORMAL', 'NORMAL', 'TIDAK', 'YA', 'YA', 'SEDANG'),
(36, 'P', 'DEWASA', 'NORMAL', 'OBESITAS', 'TIDAK', 'YA', 'YA', 'SEDANG'),
(37, 'P', 'DEWASA', 'NORMAL', 'KURUS', 'YA', 'TIDAK', 'TIDAK', 'RENDAH'),
(38, 'P', 'DEWASA', 'NORMAL', 'NORMAL', 'YA', 'TIDAK', 'TIDAK', 'RENDAH'),
(39, 'P', 'DEWASA', 'NORMAL', 'OBESITAS', 'YA', 'TIDAK', 'TIDAK', 'RENDAH'),
(40, 'P', 'DEWASA', 'NORMAL', 'KURUS', 'YA', 'TIDAK', 'YA', 'SEDANG'),
(41, 'P', 'DEWASA', 'NORMAL', 'NORMAL', 'YA', 'TIDAK', 'YA', 'SEDANG'),
(42, 'P', 'DEWASA', 'NORMAL', 'OBESITAS', 'YA', 'TIDAK', 'YA', 'SEDANG'),
(43, 'P', 'DEWASA', 'NORMAL', 'KURUS', 'YA', 'YA', 'TIDAK', 'SEDANG'),
(44, 'P', 'DEWASA', 'NORMAL', 'NORMAL', 'YA', 'YA', 'TIDAK', 'SEDANG'),
(45, 'P', 'DEWASA', 'NORMAL', 'OBESITAS', 'YA', 'YA', 'TIDAK', 'SEDANG'),
(46, 'P', 'DEWASA', 'NORMAL', 'KURUS', 'YA', 'YA', 'YA', 'RENDAH'),
(47, 'P', 'DEWASA', 'NORMAL', 'NORMAL', 'YA', 'YA', 'YA', 'SEDANG'),
(48, 'P', 'DEWASA', 'NORMAL', 'OBESITAS', 'YA', 'YA', 'YA', 'SEDANG'),
(49, 'P', 'DEWASA', 'TINGGI', 'KURUS', 'TIDAK', 'TIDAK', 'TIDAK', 'RENDAH'),
(50, 'P', 'DEWASA', 'TINGGI', 'NORMAL', 'TIDAK', 'TIDAK', 'TIDAK', 'RENDAH'),
(51, 'P', 'DEWASA', 'TINGGI', 'OBESITAS', 'TIDAK', 'TIDAK', 'TIDAK', 'RENDAH'),
(52, 'P', 'DEWASA', 'TINGGI', 'KURUS', 'TIDAK', 'TIDAK', 'YA', 'SEDANG'),
(53, 'P', 'DEWASA', 'TINGGI', 'NORMAL', 'TIDAK', 'TIDAK', 'YA', 'SEDANG'),
(54, 'P', 'DEWASA', 'TINGGI', 'OBESITAS', 'TIDAK', 'TIDAK', 'YA', 'SEDANG'),
(55, 'P', 'DEWASA', 'TINGGI', 'KURUS', 'TIDAK', 'YA', 'TIDAK', 'SEDANG'),
(56, 'P', 'DEWASA', 'TINGGI', 'NORMAL', 'TIDAK', 'YA', 'TIDAK', 'SEDANG'),
(57, 'P', 'DEWASA', 'TINGGI', 'OBESITAS', 'TIDAK', 'YA', 'TIDAK', 'SEDANG'),
(58, 'P', 'DEWASA', 'TINGGI', 'KURUS', 'TIDAK', 'YA', 'YA', 'SEDANG'),
(59, 'P', 'DEWASA', 'TINGGI', 'NORMAL', 'TIDAK', 'YA', 'YA', 'SEDANG'),
(60, 'P', 'DEWASA', 'TINGGI', 'OBESITAS', 'TIDAK', 'YA', 'YA', 'SEDANG'),
(61, 'P', 'DEWASA', 'TINGGI', 'KURUS', 'YA', 'TIDAK', 'TIDAK', 'RENDAH'),
(62, 'P', 'DEWASA', 'TINGGI', 'NORMAL', 'YA', 'TIDAK', 'TIDAK', 'RENDAH'),
(63, 'P', 'DEWASA', 'TINGGI', 'OBESITAS', 'YA', 'TIDAK', 'TIDAK', 'RENDAH'),
(64, 'P', 'DEWASA', 'TINGGI', 'KURUS', 'YA', 'TIDAK', 'YA', 'SEDANG'),
(65, 'P', 'DEWASA', 'TINGGI', 'NORMAL', 'YA', 'TIDAK', 'YA', 'SEDANG'),
(66, 'P', 'DEWASA', 'TINGGI', 'OBESITAS', 'YA', 'TIDAK', 'YA', 'SEDANG'),
(67, 'P', 'DEWASA', 'TINGGI', 'KURUS', 'YA', 'YA', 'TIDAK', 'SEDANG'),
(68, 'P', 'DEWASA', 'TINGGI', 'NORMAL', 'YA', 'YA', 'TIDAK', 'SEDANG'),
(69, 'P', 'DEWASA', 'TINGGI', 'OBESITAS', 'YA', 'YA', 'TIDAK', 'SEDANG'),
(70, 'P', 'DEWASA', 'TINGGI', 'KURUS', 'YA', 'YA', 'YA', 'RENDAH'),
(71, 'P', 'DEWASA', 'TINGGI', 'NORMAL', 'YA', 'YA', 'YA', 'SEDANG'),
(72, 'P', 'DEWASA', 'TINGGI', 'OBESITAS', 'YA', 'YA', 'YA', 'SEDANG'),
(73, 'P', 'LANSIA', 'RENDAH', 'KURUS', 'TIDAK', 'TIDAK', 'TIDAK', 'RENDAH'),
(74, 'P', 'LANSIA', 'RENDAH', 'NORMAL', 'TIDAK', 'TIDAK', 'TIDAK', 'SEDANG'),
(75, 'P', 'LANSIA', 'RENDAH', 'OBESITAS', 'TIDAK', 'TIDAK', 'TIDAK', 'SEDANG'),
(76, 'P', 'LANSIA', 'RENDAH', 'KURUS', 'TIDAK', 'TIDAK', 'YA', 'SEDANG'),
(77, 'P', 'LANSIA', 'RENDAH', 'NORMAL', 'TIDAK', 'TIDAK', 'YA', 'RENDAH'),
(78, 'P', 'LANSIA', 'RENDAH', 'OBESITAS', 'TIDAK', 'TIDAK', 'YA', 'RENDAH'),
(79, 'P', 'LANSIA', 'RENDAH', 'KURUS', 'TIDAK', 'YA', 'TIDAK', 'SEDANG'),
(80, 'P', 'LANSIA', 'RENDAH', 'NORMAL', 'TIDAK', 'YA', 'TIDAK', 'SEDANG'),
(81, 'P', 'LANSIA', 'RENDAH', 'OBESITAS', 'TIDAK', 'YA', 'TIDAK', 'SEDANG'),
(82, 'P', 'LANSIA', 'RENDAH', 'KURUS', 'TIDAK', 'YA', 'YA', 'SEDANG'),
(83, 'P', 'LANSIA', 'RENDAH', 'NORMAL', 'TIDAK', 'YA', 'YA', 'SEDANG'),
(84, 'P', 'LANSIA', 'RENDAH', 'OBESITAS', 'TIDAK', 'YA', 'YA', 'SEDANG'),
(85, 'P', 'LANSIA', 'RENDAH', 'KURUS', 'YA', 'TIDAK', 'TIDAK', 'SEDANG'),
(86, 'P', 'LANSIA', 'RENDAH', 'NORMAL', 'YA', 'TIDAK', 'TIDAK', 'RENDAH'),
(87, 'P', 'LANSIA', 'RENDAH', 'OBESITAS', 'YA', 'TIDAK', 'TIDAK', 'RENDAH'),
(88, 'P', 'LANSIA', 'RENDAH', 'KURUS', 'YA', 'TIDAK', 'YA', 'SEDANG'),
(89, 'P', 'LANSIA', 'RENDAH', 'NORMAL', 'YA', 'TIDAK', 'YA', 'SEDANG'),
(90, 'P', 'LANSIA', 'RENDAH', 'OBESITAS', 'YA', 'TIDAK', 'YA', 'SEDANG'),
(91, 'P', 'LANSIA', 'RENDAH', 'KURUS', 'YA', 'YA', 'TIDAK', 'SEDANG'),
(92, 'P', 'LANSIA', 'RENDAH', 'NORMAL', 'YA', 'YA', 'TIDAK', 'SEDANG'),
(93, 'P', 'LANSIA', 'RENDAH', 'OBESITAS', 'YA', 'YA', 'TIDAK', 'SEDANG'),
(94, 'P', 'LANSIA', 'RENDAH', 'KURUS', 'YA', 'YA', 'YA', 'RENDAH'),
(95, 'P', 'LANSIA', 'RENDAH', 'NORMAL', 'YA', 'YA', 'YA', 'TINGGI'),
(96, 'P', 'LANSIA', 'RENDAH', 'OBESITAS', 'YA', 'YA', 'YA', 'TINGGI'),
(97, 'P', 'LANSIA', 'NORMAL', 'KURUS', 'TIDAK', 'TIDAK', 'TIDAK', 'RENDAH'),
(98, 'P', 'LANSIA', 'NORMAL', 'NORMAL', 'TIDAK', 'TIDAK', 'TIDAK', 'TINGGI'),
(99, 'P', 'LANSIA', 'NORMAL', 'OBESITAS', 'TIDAK', 'TIDAK', 'TIDAK', 'TINGGI'),
(100, 'P', 'LANSIA', 'NORMAL', 'KURUS', 'TIDAK', 'TIDAK', 'YA', 'SEDANG'),
(101, 'P', 'LANSIA', 'NORMAL', 'NORMAL', 'TIDAK', 'TIDAK', 'YA', 'RENDAH'),
(102, 'P', 'LANSIA', 'NORMAL', 'OBESITAS', 'TIDAK', 'TIDAK', 'YA', 'RENDAH'),
(103, 'P', 'LANSIA', 'NORMAL', 'KURUS', 'TIDAK', 'YA', 'TIDAK', 'TINGGI'),
(104, 'P', 'LANSIA', 'NORMAL', 'NORMAL', 'TIDAK', 'YA', 'TIDAK', 'TINGGI'),
(105, 'P', 'LANSIA', 'NORMAL', 'OBESITAS', 'TIDAK', 'YA', 'TIDAK', 'TINGGI'),
(106, 'P', 'LANSIA', 'NORMAL', 'KURUS', 'TIDAK', 'YA', 'YA', 'TINGGI'),
(107, 'P', 'LANSIA', 'NORMAL', 'NORMAL', 'TIDAK', 'YA', 'YA', 'TINGGI'),
(108, 'P', 'LANSIA', 'NORMAL', 'OBESITAS', 'TIDAK', 'YA', 'YA', 'TINGGI'),
(109, 'P', 'LANSIA', 'NORMAL', 'KURUS', 'YA', 'TIDAK', 'TIDAK', 'RENDAH'),
(110, 'P', 'LANSIA', 'NORMAL', 'NORMAL', 'YA', 'TIDAK', 'TIDAK', 'TINGGI'),
(111, 'P', 'LANSIA', 'NORMAL', 'OBESITAS', 'YA', 'TIDAK', 'TIDAK', 'TINGGI'),
(112, 'P', 'LANSIA', 'NORMAL', 'KURUS', 'YA', 'TIDAK', 'YA', 'TINGGI'),
(113, 'P', 'LANSIA', 'NORMAL', 'NORMAL', 'YA', 'TIDAK', 'YA', 'TINGGI'),
(114, 'P', 'LANSIA', 'NORMAL', 'OBESITAS', 'YA', 'TIDAK', 'YA', 'TINGGI'),
(115, 'P', 'LANSIA', 'NORMAL', 'KURUS', 'YA', 'YA', 'TIDAK', 'TINGGI'),
(116, 'P', 'LANSIA', 'NORMAL', 'NORMAL', 'YA', 'YA', 'TIDAK', 'TINGGI'),
(117, 'P', 'LANSIA', 'NORMAL', 'OBESITAS', 'YA', 'YA', 'TIDAK', 'TINGGI'),
(118, 'P', 'LANSIA', 'NORMAL', 'KURUS', 'YA', 'YA', 'YA', 'RENDAH'),
(119, 'P', 'LANSIA', 'NORMAL', 'NORMAL', 'YA', 'YA', 'YA', 'TINGGI'),
(120, 'P', 'LANSIA', 'NORMAL', 'OBESITAS', 'YA', 'YA', 'YA', 'TINGGI'),
(121, 'P', 'LANSIA', 'TINGGI', 'KURUS', 'TIDAK', 'TIDAK', 'TIDAK', 'TINGGI'),
(122, 'P', 'LANSIA', 'TINGGI', 'NORMAL', 'TIDAK', 'TIDAK', 'TIDAK', 'TINGGI'),
(123, 'P', 'LANSIA', 'TINGGI', 'OBESITAS', 'TIDAK', 'TIDAK', 'TIDAK', 'TINGGI'),
(124, 'P', 'LANSIA', 'TINGGI', 'KURUS', 'TIDAK', 'TIDAK', 'YA', 'SEDANG'),
(125, 'P', 'LANSIA', 'TINGGI', 'NORMAL', 'TIDAK', 'TIDAK', 'YA', 'TINGGI'),
(126, 'P', 'LANSIA', 'TINGGI', 'OBESITAS', 'TIDAK', 'TIDAK', 'YA', 'TINGGI'),
(127, 'P', 'LANSIA', 'TINGGI', 'KURUS', 'TIDAK', 'YA', 'TIDAK', 'TINGGI'),
(128, 'P', 'LANSIA', 'TINGGI', 'NORMAL', 'TIDAK', 'YA', 'TIDAK', 'TINGGI'),
(129, 'P', 'LANSIA', 'TINGGI', 'OBESITAS', 'TIDAK', 'YA', 'TIDAK', 'TINGGI'),
(130, 'P', 'LANSIA', 'TINGGI', 'KURUS', 'TIDAK', 'YA', 'YA', 'TINGGI'),
(131, 'P', 'LANSIA', 'TINGGI', 'NORMAL', 'TIDAK', 'YA', 'YA', 'TINGGI'),
(132, 'P', 'LANSIA', 'TINGGI', 'OBESITAS', 'TIDAK', 'YA', 'YA', 'TINGGI'),
(133, 'P', 'LANSIA', 'TINGGI', 'KURUS', 'YA', 'TIDAK', 'TIDAK', 'RENDAH'),
(134, 'P', 'LANSIA', 'TINGGI', 'NORMAL', 'YA', 'TIDAK', 'TIDAK', 'TINGGI'),
(135, 'P', 'LANSIA', 'TINGGI', 'OBESITAS', 'YA', 'TIDAK', 'TIDAK', 'TINGGI'),
(136, 'P', 'LANSIA', 'TINGGI', 'KURUS', 'YA', 'TIDAK', 'YA', 'TINGGI'),
(137, 'P', 'LANSIA', 'TINGGI', 'NORMAL', 'YA', 'TIDAK', 'YA', 'TINGGI'),
(138, 'P', 'LANSIA', 'TINGGI', 'OBESITAS', 'YA', 'TIDAK', 'YA', 'TINGGI'),
(139, 'P', 'LANSIA', 'TINGGI', 'KURUS', 'YA', 'YA', 'TIDAK', 'TINGGI'),
(140, 'P', 'LANSIA', 'TINGGI', 'NORMAL', 'YA', 'YA', 'TIDAK', 'TINGGI'),
(141, 'P', 'LANSIA', 'TINGGI', 'OBESITAS', 'YA', 'YA', 'TIDAK', 'TINGGI'),
(142, 'P', 'LANSIA', 'TINGGI', 'KURUS', 'YA', 'YA', 'YA', 'SEDANG'),
(143, 'P', 'LANSIA', 'TINGGI', 'NORMAL', 'YA', 'YA', 'YA', 'TINGGI'),
(144, 'P', 'LANSIA', 'TINGGI', 'OBESITAS', 'YA', 'YA', 'YA', 'TINGGI'),
(145, 'P', 'MANULA', 'RENDAH', 'KURUS', 'TIDAK', 'TIDAK', 'TIDAK', 'RENDAH'),
(146, 'P', 'MANULA', 'RENDAH', 'NORMAL', 'TIDAK', 'TIDAK', 'TIDAK', 'TINGGI'),
(147, 'P', 'MANULA', 'RENDAH', 'OBESITAS', 'TIDAK', 'TIDAK', 'TIDAK', 'TINGGI'),
(148, 'P', 'MANULA', 'RENDAH', 'KURUS', 'TIDAK', 'TIDAK', 'YA', 'TINGGI'),
(149, 'P', 'MANULA', 'RENDAH', 'NORMAL', 'TIDAK', 'TIDAK', 'YA', 'RENDAH'),
(150, 'P', 'MANULA', 'RENDAH', 'OBESITAS', 'TIDAK', 'TIDAK', 'YA', 'RENDAH'),
(151, 'P', 'MANULA', 'RENDAH', 'KURUS', 'TIDAK', 'YA', 'TIDAK', 'TINGGI'),
(152, 'P', 'MANULA', 'RENDAH', 'NORMAL', 'TIDAK', 'YA', 'TIDAK', 'TINGGI'),
(153, 'P', 'MANULA', 'RENDAH', 'OBESITAS', 'TIDAK', 'YA', 'TIDAK', 'TINGGI'),
(154, 'P', 'MANULA', 'RENDAH', 'KURUS', 'TIDAK', 'YA', 'YA', 'TINGGI'),
(155, 'P', 'MANULA', 'RENDAH', 'NORMAL', 'TIDAK', 'YA', 'YA', 'TINGGI'),
(156, 'P', 'MANULA', 'RENDAH', 'OBESITAS', 'TIDAK', 'YA', 'YA', 'TINGGI'),
(157, 'P', 'MANULA', 'RENDAH', 'KURUS', 'YA', 'TIDAK', 'TIDAK', 'TINGGI'),
(158, 'P', 'MANULA', 'RENDAH', 'NORMAL', 'YA', 'TIDAK', 'TIDAK', 'TINGGI'),
(159, 'P', 'MANULA', 'RENDAH', 'OBESITAS', 'YA', 'TIDAK', 'TIDAK', 'TINGGI'),
(160, 'P', 'MANULA', 'RENDAH', 'KURUS', 'YA', 'TIDAK', 'YA', 'TINGGI'),
(161, 'P', 'MANULA', 'RENDAH', 'NORMAL', 'YA', 'TIDAK', 'YA', 'TINGGI'),
(162, 'P', 'MANULA', 'RENDAH', 'OBESITAS', 'YA', 'TIDAK', 'YA', 'TINGGI'),
(163, 'P', 'MANULA', 'RENDAH', 'KURUS', 'YA', 'YA', 'TIDAK', 'TINGGI'),
(164, 'P', 'MANULA', 'RENDAH', 'NORMAL', 'YA', 'YA', 'TIDAK', 'TINGGI'),
(165, 'P', 'MANULA', 'RENDAH', 'OBESITAS', 'YA', 'YA', 'TIDAK', 'TINGGI'),
(166, 'P', 'MANULA', 'RENDAH', 'KURUS', 'YA', 'YA', 'YA', 'TINGGI'),
(167, 'P', 'MANULA', 'RENDAH', 'NORMAL', 'YA', 'YA', 'YA', 'TINGGI'),
(168, 'P', 'MANULA', 'RENDAH', 'OBESITAS', 'YA', 'YA', 'YA', 'TINGGI'),
(169, 'P', 'MANULA', 'NORMAL', 'KURUS', 'TIDAK', 'TIDAK', 'TIDAK', 'SEDANG'),
(170, 'P', 'MANULA', 'NORMAL', 'NORMAL', 'TIDAK', 'TIDAK', 'TIDAK', 'TINGGI'),
(171, 'P', 'MANULA', 'NORMAL', 'OBESITAS', 'TIDAK', 'TIDAK', 'TIDAK', 'TINGGI'),
(172, 'P', 'MANULA', 'NORMAL', 'KURUS', 'TIDAK', 'TIDAK', 'YA', 'SEDANG'),
(173, 'P', 'MANULA', 'NORMAL', 'NORMAL', 'TIDAK', 'TIDAK', 'YA', 'RENDAH'),
(174, 'P', 'MANULA', 'NORMAL', 'OBESITAS', 'TIDAK', 'TIDAK', 'YA', 'RENDAH'),
(175, 'P', 'MANULA', 'NORMAL', 'KURUS', 'TIDAK', 'YA', 'TIDAK', 'TINGGI'),
(176, 'P', 'MANULA', 'NORMAL', 'NORMAL', 'TIDAK', 'YA', 'TIDAK', 'TINGGI'),
(177, 'P', 'MANULA', 'NORMAL', 'OBESITAS', 'TIDAK', 'YA', 'TIDAK', 'TINGGI'),
(178, 'P', 'MANULA', 'NORMAL', 'KURUS', 'TIDAK', 'YA', 'YA', 'TINGGI'),
(179, 'P', 'MANULA', 'NORMAL', 'NORMAL', 'TIDAK', 'YA', 'YA', 'TINGGI'),
(180, 'P', 'MANULA', 'NORMAL', 'OBESITAS', 'TIDAK', 'YA', 'YA', 'TINGGI'),
(181, 'P', 'MANULA', 'NORMAL', 'KURUS', 'YA', 'TIDAK', 'TIDAK', 'TINGGI'),
(182, 'P', 'MANULA', 'NORMAL', 'NORMAL', 'YA', 'TIDAK', 'TIDAK', 'TINGGI'),
(183, 'P', 'MANULA', 'NORMAL', 'OBESITAS', 'YA', 'TIDAK', 'TIDAK', 'TINGGI'),
(184, 'P', 'MANULA', 'NORMAL', 'KURUS', 'YA', 'TIDAK', 'YA', 'TINGGI'),
(185, 'P', 'MANULA', 'NORMAL', 'NORMAL', 'YA', 'TIDAK', 'YA', 'TINGGI'),
(186, 'P', 'MANULA', 'NORMAL', 'OBESITAS', 'YA', 'TIDAK', 'YA', 'TINGGI'),
(187, 'P', 'MANULA', 'NORMAL', 'KURUS', 'YA', 'YA', 'TIDAK', 'TINGGI'),
(188, 'P', 'MANULA', 'NORMAL', 'NORMAL', 'YA', 'YA', 'TIDAK', 'TINGGI'),
(189, 'P', 'MANULA', 'NORMAL', 'OBESITAS', 'YA', 'YA', 'TIDAK', 'TINGGI'),
(190, 'P', 'MANULA', 'NORMAL', 'KURUS', 'YA', 'YA', 'YA', 'TINGGI'),
(191, 'P', 'MANULA', 'NORMAL', 'NORMAL', 'YA', 'YA', 'YA', 'TINGGI'),
(192, 'P', 'MANULA', 'NORMAL', 'OBESITAS', 'YA', 'YA', 'YA', 'TINGGI'),
(193, 'P', 'MANULA', 'TINGGI', 'KURUS', 'TIDAK', 'TIDAK', 'TIDAK', 'TINGGI'),
(194, 'P', 'MANULA', 'TINGGI', 'NORMAL', 'TIDAK', 'TIDAK', 'TIDAK', 'TINGGI'),
(195, 'P', 'MANULA', 'TINGGI', 'OBESITAS', 'TIDAK', 'TIDAK', 'TIDAK', 'TINGGI'),
(196, 'P', 'MANULA', 'TINGGI', 'KURUS', 'TIDAK', 'TIDAK', 'YA', 'SEDANG'),
(197, 'P', 'MANULA', 'TINGGI', 'NORMAL', 'TIDAK', 'TIDAK', 'YA', 'TINGGI'),
(198, 'P', 'MANULA', 'TINGGI', 'OBESITAS', 'TIDAK', 'TIDAK', 'YA', 'TINGGI'),
(199, 'P', 'MANULA', 'TINGGI', 'KURUS', 'TIDAK', 'YA', 'TIDAK', 'TINGGI'),
(200, 'P', 'MANULA', 'TINGGI', 'NORMAL', 'TIDAK', 'YA', 'TIDAK', 'TINGGI'),
(201, 'P', 'MANULA', 'TINGGI', 'OBESITAS', 'TIDAK', 'YA', 'TIDAK', 'TINGGI'),
(202, 'P', 'MANULA', 'TINGGI', 'KURUS', 'TIDAK', 'YA', 'YA', 'TINGGI'),
(203, 'P', 'MANULA', 'TINGGI', 'NORMAL', 'TIDAK', 'YA', 'YA', 'TINGGI'),
(204, 'P', 'MANULA', 'TINGGI', 'OBESITAS', 'TIDAK', 'YA', 'YA', 'TINGGI'),
(205, 'P', 'MANULA', 'TINGGI', 'KURUS', 'YA', 'TIDAK', 'TIDAK', 'TINGGI'),
(206, 'P', 'MANULA', 'TINGGI', 'NORMAL', 'YA', 'TIDAK', 'TIDAK', 'TINGGI'),
(207, 'P', 'MANULA', 'TINGGI', 'OBESITAS', 'YA', 'TIDAK', 'TIDAK', 'TINGGI'),
(208, 'P', 'MANULA', 'TINGGI', 'KURUS', 'YA', 'TIDAK', 'YA', 'TINGGI'),
(209, 'P', 'MANULA', 'TINGGI', 'NORMAL', 'YA', 'TIDAK', 'YA', 'TINGGI'),
(210, 'P', 'MANULA', 'TINGGI', 'OBESITAS', 'YA', 'TIDAK', 'YA', 'TINGGI'),
(211, 'P', 'MANULA', 'TINGGI', 'KURUS', 'YA', 'YA', 'TIDAK', 'TINGGI'),
(212, 'P', 'MANULA', 'TINGGI', 'NORMAL', 'YA', 'YA', 'TIDAK', 'TINGGI'),
(213, 'P', 'MANULA', 'TINGGI', 'OBESITAS', 'YA', 'YA', 'TIDAK', 'TINGGI'),
(214, 'P', 'MANULA', 'TINGGI', 'KURUS', 'YA', 'YA', 'YA', 'TINGGI'),
(215, 'P', 'MANULA', 'TINGGI', 'NORMAL', 'YA', 'YA', 'YA', 'TINGGI'),
(216, 'P', 'MANULA', 'TINGGI', 'OBESITAS', 'YA', 'YA', 'YA', 'TINGGI'),
(217, 'L', 'DEWASA', 'RENDAH', 'KURUS', 'TIDAK', 'TIDAK', 'TIDAK', 'RENDAH'),
(218, 'L', 'DEWASA', 'RENDAH', 'NORMAL', 'TIDAK', 'TIDAK', 'TIDAK', 'RENDAH'),
(219, 'L', 'DEWASA', 'RENDAH', 'OBESITAS', 'TIDAK', 'TIDAK', 'TIDAK', 'RENDAH'),
(220, 'L', 'DEWASA', 'RENDAH', 'KURUS', 'TIDAK', 'TIDAK', 'YA', 'RENDAH'),
(221, 'L', 'DEWASA', 'RENDAH', 'NORMAL', 'TIDAK', 'TIDAK', 'YA', 'RENDAH'),
(222, 'L', 'DEWASA', 'RENDAH', 'OBESITAS', 'TIDAK', 'TIDAK', 'YA', 'RENDAH'),
(223, 'L', 'DEWASA', 'RENDAH', 'KURUS', 'TIDAK', 'YA', 'TIDAK', 'RENDAH'),
(224, 'L', 'DEWASA', 'RENDAH', 'NORMAL', 'TIDAK', 'YA', 'TIDAK', 'RENDAH'),
(225, 'L', 'DEWASA', 'RENDAH', 'OBESITAS', 'TIDAK', 'YA', 'TIDAK', 'RENDAH'),
(226, 'L', 'DEWASA', 'RENDAH', 'KURUS', 'TIDAK', 'YA', 'YA', 'RENDAH'),
(227, 'L', 'DEWASA', 'RENDAH', 'NORMAL', 'TIDAK', 'YA', 'YA', 'RENDAH'),
(228, 'L', 'DEWASA', 'RENDAH', 'OBESITAS', 'TIDAK', 'YA', 'YA', 'RENDAH'),
(229, 'L', 'DEWASA', 'RENDAH', 'KURUS', 'YA', 'TIDAK', 'TIDAK', 'RENDAH'),
(230, 'L', 'DEWASA', 'RENDAH', 'NORMAL', 'YA', 'TIDAK', 'TIDAK', 'RENDAH'),
(231, 'L', 'DEWASA', 'RENDAH', 'OBESITAS', 'YA', 'TIDAK', 'TIDAK', 'RENDAH'),
(232, 'L', 'DEWASA', 'RENDAH', 'KURUS', 'YA', 'TIDAK', 'YA', 'RENDAH'),
(233, 'L', 'DEWASA', 'RENDAH', 'NORMAL', 'YA', 'TIDAK', 'YA', 'RENDAH'),
(234, 'L', 'DEWASA', 'RENDAH', 'OBESITAS', 'YA', 'TIDAK', 'YA', 'RENDAH'),
(235, 'L', 'DEWASA', 'RENDAH', 'KURUS', 'YA', 'YA', 'TIDAK', 'RENDAH'),
(236, 'L', 'DEWASA', 'RENDAH', 'NORMAL', 'YA', 'YA', 'TIDAK', 'RENDAH'),
(237, 'L', 'DEWASA', 'RENDAH', 'OBESITAS', 'YA', 'YA', 'TIDAK', 'RENDAH'),
(238, 'L', 'DEWASA', 'RENDAH', 'KURUS', 'YA', 'YA', 'YA', 'RENDAH'),
(239, 'L', 'DEWASA', 'RENDAH', 'NORMAL', 'YA', 'YA', 'YA', 'SEDANG'),
(240, 'L', 'DEWASA', 'RENDAH', 'OBESITAS', 'YA', 'YA', 'YA', 'SEDANG'),
(241, 'L', 'DEWASA', 'NORMAL', 'KURUS', 'TIDAK', 'TIDAK', 'TIDAK', 'SEDANG'),
(242, 'L', 'DEWASA', 'NORMAL', 'NORMAL', 'TIDAK', 'TIDAK', 'TIDAK', 'SEDANG'),
(243, 'L', 'DEWASA', 'NORMAL', 'OBESITAS', 'TIDAK', 'TIDAK', 'TIDAK', 'SEDANG'),
(244, 'L', 'DEWASA', 'NORMAL', 'KURUS', 'TIDAK', 'TIDAK', 'YA', 'SEDANG'),
(245, 'L', 'DEWASA', 'NORMAL', 'NORMAL', 'TIDAK', 'TIDAK', 'YA', 'SEDANG'),
(246, 'L', 'DEWASA', 'NORMAL', 'OBESITAS', 'TIDAK', 'TIDAK', 'YA', 'SEDANG'),
(247, 'L', 'DEWASA', 'NORMAL', 'KURUS', 'TIDAK', 'YA', 'TIDAK', 'SEDANG'),
(248, 'L', 'DEWASA', 'NORMAL', 'NORMAL', 'TIDAK', 'YA', 'TIDAK', 'RENDAH'),
(249, 'L', 'DEWASA', 'NORMAL', 'OBESITAS', 'TIDAK', 'YA', 'TIDAK', 'RENDAH'),
(250, 'L', 'DEWASA', 'NORMAL', 'KURUS', 'TIDAK', 'YA', 'YA', 'SEDANG'),
(251, 'L', 'DEWASA', 'NORMAL', 'NORMAL', 'TIDAK', 'YA', 'YA', 'SEDANG'),
(252, 'L', 'DEWASA', 'NORMAL', 'OBESITAS', 'TIDAK', 'YA', 'YA', 'SEDANG'),
(253, 'L', 'DEWASA', 'NORMAL', 'KURUS', 'YA', 'TIDAK', 'TIDAK', 'RENDAH'),
(254, 'L', 'DEWASA', 'NORMAL', 'NORMAL', 'YA', 'TIDAK', 'TIDAK', 'RENDAH'),
(255, 'L', 'DEWASA', 'NORMAL', 'OBESITAS', 'YA', 'TIDAK', 'TIDAK', 'SEDANG'),
(256, 'L', 'DEWASA', 'NORMAL', 'KURUS', 'YA', 'TIDAK', 'YA', 'SEDANG'),
(257, 'L', 'DEWASA', 'NORMAL', 'NORMAL', 'YA', 'TIDAK', 'YA', 'SEDANG'),
(258, 'L', 'DEWASA', 'NORMAL', 'OBESITAS', 'YA', 'TIDAK', 'YA', 'SEDANG'),
(259, 'L', 'DEWASA', 'NORMAL', 'KURUS', 'YA', 'YA', 'TIDAK', 'SEDANG'),
(260, 'L', 'DEWASA', 'NORMAL', 'NORMAL', 'YA', 'YA', 'TIDAK', 'RENDAH'),
(261, 'L', 'DEWASA', 'NORMAL', 'OBESITAS', 'YA', 'YA', 'TIDAK', 'RENDAH'),
(262, 'L', 'DEWASA', 'NORMAL', 'KURUS', 'YA', 'YA', 'YA', 'SEDANG'),
(263, 'L', 'DEWASA', 'NORMAL', 'NORMAL', 'YA', 'YA', 'YA', 'SEDANG'),
(264, 'L', 'DEWASA', 'NORMAL', 'OBESITAS', 'YA', 'YA', 'YA', 'SEDANG'),
(265, 'L', 'DEWASA', 'TINGGI', 'KURUS', 'TIDAK', 'TIDAK', 'TIDAK', 'SEDANG'),
(266, 'L', 'DEWASA', 'TINGGI', 'NORMAL', 'TIDAK', 'TIDAK', 'TIDAK', 'SEDANG'),
(267, 'L', 'DEWASA', 'TINGGI', 'OBESITAS', 'TIDAK', 'TIDAK', 'TIDAK', 'SEDANG'),
(268, 'L', 'DEWASA', 'TINGGI', 'KURUS', 'TIDAK', 'TIDAK', 'YA', 'SEDANG'),
(269, 'L', 'DEWASA', 'TINGGI', 'NORMAL', 'TIDAK', 'TIDAK', 'YA', 'SEDANG'),
(270, 'L', 'DEWASA', 'TINGGI', 'OBESITAS', 'TIDAK', 'TIDAK', 'YA', 'SEDANG'),
(271, 'L', 'DEWASA', 'TINGGI', 'KURUS', 'TIDAK', 'YA', 'TIDAK', 'SEDANG'),
(272, 'L', 'DEWASA', 'TINGGI', 'NORMAL', 'TIDAK', 'YA', 'TIDAK', 'RENDAH'),
(273, 'L', 'DEWASA', 'TINGGI', 'OBESITAS', 'TIDAK', 'YA', 'TIDAK', 'RENDAH'),
(274, 'L', 'DEWASA', 'TINGGI', 'KURUS', 'TIDAK', 'YA', 'YA', 'SEDANG'),
(275, 'L', 'DEWASA', 'TINGGI', 'NORMAL', 'TIDAK', 'YA', 'YA', 'SEDANG'),
(276, 'L', 'DEWASA', 'TINGGI', 'OBESITAS', 'TIDAK', 'YA', 'YA', 'SEDANG'),
(277, 'L', 'DEWASA', 'TINGGI', 'KURUS', 'YA', 'TIDAK', 'TIDAK', 'SEDANG'),
(278, 'L', 'DEWASA', 'TINGGI', 'NORMAL', 'YA', 'TIDAK', 'TIDAK', 'SEDANG'),
(279, 'L', 'DEWASA', 'TINGGI', 'OBESITAS', 'YA', 'TIDAK', 'TIDAK', 'SEDANG'),
(280, 'L', 'DEWASA', 'TINGGI', 'KURUS', 'YA', 'TIDAK', 'YA', 'SEDANG'),
(281, 'L', 'DEWASA', 'TINGGI', 'NORMAL', 'YA', 'TIDAK', 'YA', 'SEDANG'),
(282, 'L', 'DEWASA', 'TINGGI', 'OBESITAS', 'YA', 'TIDAK', 'YA', 'SEDANG'),
(283, 'L', 'DEWASA', 'TINGGI', 'KURUS', 'YA', 'YA', 'TIDAK', 'SEDANG'),
(284, 'L', 'DEWASA', 'TINGGI', 'NORMAL', 'YA', 'YA', 'TIDAK', 'RENDAH'),
(285, 'L', 'DEWASA', 'TINGGI', 'OBESITAS', 'YA', 'YA', 'TIDAK', 'RENDAH'),
(286, 'L', 'DEWASA', 'TINGGI', 'KURUS', 'YA', 'YA', 'YA', 'SEDANG'),
(287, 'L', 'DEWASA', 'TINGGI', 'NORMAL', 'YA', 'YA', 'YA', 'SEDANG'),
(288, 'L', 'DEWASA', 'TINGGI', 'OBESITAS', 'YA', 'YA', 'YA', 'SEDANG'),
(289, 'L', 'LANSIA', 'RENDAH', 'KURUS', 'TIDAK', 'TIDAK', 'TIDAK', 'SEDANG'),
(290, 'L', 'LANSIA', 'RENDAH', 'NORMAL', 'TIDAK', 'TIDAK', 'TIDAK', 'SEDANG'),
(291, 'L', 'LANSIA', 'RENDAH', 'OBESITAS', 'TIDAK', 'TIDAK', 'TIDAK', 'SEDANG'),
(292, 'L', 'LANSIA', 'RENDAH', 'KURUS', 'TIDAK', 'TIDAK', 'YA', 'SEDANG'),
(293, 'L', 'LANSIA', 'RENDAH', 'NORMAL', 'TIDAK', 'TIDAK', 'YA', 'SEDANG'),
(294, 'L', 'LANSIA', 'RENDAH', 'OBESITAS', 'TIDAK', 'TIDAK', 'YA', 'SEDANG'),
(295, 'L', 'LANSIA', 'RENDAH', 'KURUS', 'TIDAK', 'YA', 'TIDAK', 'SEDANG'),
(296, 'L', 'LANSIA', 'RENDAH', 'NORMAL', 'TIDAK', 'YA', 'TIDAK', 'SEDANG'),
(297, 'L', 'LANSIA', 'RENDAH', 'OBESITAS', 'TIDAK', 'YA', 'TIDAK', 'SEDANG'),
(298, 'L', 'LANSIA', 'RENDAH', 'KURUS', 'TIDAK', 'YA', 'YA', 'SEDANG'),
(299, 'L', 'LANSIA', 'RENDAH', 'NORMAL', 'TIDAK', 'YA', 'YA', 'SEDANG'),
(300, 'L', 'LANSIA', 'RENDAH', 'OBESITAS', 'TIDAK', 'YA', 'YA', 'SEDANG'),
(301, 'L', 'LANSIA', 'RENDAH', 'KURUS', 'YA', 'TIDAK', 'TIDAK', 'RENDAH'),
(302, 'L', 'LANSIA', 'RENDAH', 'NORMAL', 'YA', 'TIDAK', 'TIDAK', 'RENDAH'),
(303, 'L', 'LANSIA', 'RENDAH', 'OBESITAS', 'YA', 'TIDAK', 'TIDAK', 'SEDANG'),
(304, 'L', 'LANSIA', 'RENDAH', 'KURUS', 'YA', 'TIDAK', 'YA', 'SEDANG'),
(305, 'L', 'LANSIA', 'RENDAH', 'NORMAL', 'YA', 'TIDAK', 'YA', 'SEDANG'),
(306, 'L', 'LANSIA', 'RENDAH', 'OBESITAS', 'YA', 'TIDAK', 'YA', 'SEDANG'),
(307, 'L', 'LANSIA', 'RENDAH', 'KURUS', 'YA', 'YA', 'TIDAK', 'SEDANG'),
(308, 'L', 'LANSIA', 'RENDAH', 'NORMAL', 'YA', 'YA', 'TIDAK', 'SEDANG'),
(309, 'L', 'LANSIA', 'RENDAH', 'OBESITAS', 'YA', 'YA', 'TIDAK', 'SEDANG'),
(310, 'L', 'LANSIA', 'RENDAH', 'KURUS', 'YA', 'YA', 'YA', 'SEDANG'),
(311, 'L', 'LANSIA', 'RENDAH', 'NORMAL', 'YA', 'YA', 'YA', 'SEDANG'),
(312, 'L', 'LANSIA', 'RENDAH', 'OBESITAS', 'YA', 'YA', 'YA', 'SEDANG'),
(313, 'L', 'LANSIA', 'NORMAL', 'KURUS', 'TIDAK', 'TIDAK', 'TIDAK', 'SEDANG'),
(314, 'L', 'LANSIA', 'NORMAL', 'NORMAL', 'TIDAK', 'TIDAK', 'TIDAK', 'SEDANG'),
(315, 'L', 'LANSIA', 'NORMAL', 'OBESITAS', 'TIDAK', 'TIDAK', 'TIDAK', 'SEDANG'),
(316, 'L', 'LANSIA', 'NORMAL', 'KURUS', 'TIDAK', 'TIDAK', 'YA', 'SEDANG'),
(317, 'L', 'LANSIA', 'NORMAL', 'NORMAL', 'TIDAK', 'TIDAK', 'YA', 'SEDANG'),
(318, 'L', 'LANSIA', 'NORMAL', 'OBESITAS', 'TIDAK', 'TIDAK', 'YA', 'SEDANG'),
(319, 'L', 'LANSIA', 'NORMAL', 'KURUS', 'TIDAK', 'YA', 'TIDAK', 'SEDANG'),
(320, 'L', 'LANSIA', 'NORMAL', 'NORMAL', 'TIDAK', 'YA', 'TIDAK', 'SEDANG'),
(321, 'L', 'LANSIA', 'NORMAL', 'OBESITAS', 'TIDAK', 'YA', 'TIDAK', 'SEDANG'),
(322, 'L', 'LANSIA', 'NORMAL', 'KURUS', 'TIDAK', 'YA', 'YA', 'SEDANG'),
(323, 'L', 'LANSIA', 'NORMAL', 'NORMAL', 'TIDAK', 'YA', 'YA', 'SEDANG'),
(324, 'L', 'LANSIA', 'NORMAL', 'OBESITAS', 'TIDAK', 'YA', 'YA', 'SEDANG'),
(325, 'L', 'LANSIA', 'NORMAL', 'KURUS', 'YA', 'TIDAK', 'TIDAK', 'RENDAH'),
(326, 'L', 'LANSIA', 'NORMAL', 'NORMAL', 'YA', 'TIDAK', 'TIDAK', 'RENDAH'),
(327, 'L', 'LANSIA', 'NORMAL', 'OBESITAS', 'YA', 'TIDAK', 'TIDAK', 'SEDANG'),
(328, 'L', 'LANSIA', 'NORMAL', 'KURUS', 'YA', 'TIDAK', 'YA', 'SEDANG'),
(329, 'L', 'LANSIA', 'NORMAL', 'NORMAL', 'YA', 'TIDAK', 'YA', 'SEDANG'),
(330, 'L', 'LANSIA', 'NORMAL', 'OBESITAS', 'YA', 'TIDAK', 'YA', 'SEDANG'),
(331, 'L', 'LANSIA', 'NORMAL', 'KURUS', 'YA', 'YA', 'TIDAK', 'SEDANG'),
(332, 'L', 'LANSIA', 'NORMAL', 'NORMAL', 'YA', 'YA', 'TIDAK', 'SEDANG'),
(333, 'L', 'LANSIA', 'NORMAL', 'OBESITAS', 'YA', 'YA', 'TIDAK', 'SEDANG'),
(334, 'L', 'LANSIA', 'NORMAL', 'KURUS', 'YA', 'YA', 'YA', 'TINGGI'),
(335, 'L', 'LANSIA', 'NORMAL', 'NORMAL', 'YA', 'YA', 'YA', 'TINGGI'),
(336, 'L', 'LANSIA', 'NORMAL', 'OBESITAS', 'YA', 'YA', 'YA', 'TINGGI'),
(337, 'L', 'LANSIA', 'TINGGI', 'KURUS', 'TIDAK', 'TIDAK', 'TIDAK', 'TINGGI'),
(338, 'L', 'LANSIA', 'TINGGI', 'NORMAL', 'TIDAK', 'TIDAK', 'TIDAK', 'TINGGI'),
(339, 'L', 'LANSIA', 'TINGGI', 'OBESITAS', 'TIDAK', 'TIDAK', 'TIDAK', 'TINGGI'),
(340, 'L', 'LANSIA', 'TINGGI', 'KURUS', 'TIDAK', 'TIDAK', 'YA', 'TINGGI'),
(341, 'L', 'LANSIA', 'TINGGI', 'NORMAL', 'TIDAK', 'TIDAK', 'YA', 'TINGGI'),
(342, 'L', 'LANSIA', 'TINGGI', 'OBESITAS', 'TIDAK', 'TIDAK', 'YA', 'TINGGI'),
(343, 'L', 'LANSIA', 'TINGGI', 'KURUS', 'TIDAK', 'YA', 'TIDAK', 'TINGGI'),
(344, 'L', 'LANSIA', 'TINGGI', 'NORMAL', 'TIDAK', 'YA', 'TIDAK', 'TINGGI'),
(345, 'L', 'LANSIA', 'TINGGI', 'OBESITAS', 'TIDAK', 'YA', 'TIDAK', 'TINGGI'),
(346, 'L', 'LANSIA', 'TINGGI', 'KURUS', 'TIDAK', 'YA', 'YA', 'TINGGI'),
(347, 'L', 'LANSIA', 'TINGGI', 'NORMAL', 'TIDAK', 'YA', 'YA', 'TINGGI'),
(348, 'L', 'LANSIA', 'TINGGI', 'OBESITAS', 'TIDAK', 'YA', 'YA', 'TINGGI'),
(349, 'L', 'LANSIA', 'TINGGI', 'KURUS', 'YA', 'TIDAK', 'TIDAK', 'TINGGI'),
(350, 'L', 'LANSIA', 'TINGGI', 'NORMAL', 'YA', 'TIDAK', 'TIDAK', 'TINGGI'),
(351, 'L', 'LANSIA', 'TINGGI', 'OBESITAS', 'YA', 'TIDAK', 'TIDAK', 'TINGGI'),
(352, 'L', 'LANSIA', 'TINGGI', 'KURUS', 'YA', 'TIDAK', 'YA', 'TINGGI'),
(353, 'L', 'LANSIA', 'TINGGI', 'NORMAL', 'YA', 'TIDAK', 'YA', 'TINGGI'),
(354, 'L', 'LANSIA', 'TINGGI', 'OBESITAS', 'YA', 'TIDAK', 'YA', 'TINGGI'),
(355, 'L', 'LANSIA', 'TINGGI', 'KURUS', 'YA', 'YA', 'TIDAK', 'TINGGI'),
(356, 'L', 'LANSIA', 'TINGGI', 'NORMAL', 'YA', 'YA', 'TIDAK', 'TINGGI'),
(357, 'L', 'LANSIA', 'TINGGI', 'OBESITAS', 'YA', 'YA', 'TIDAK', 'TINGGI'),
(358, 'L', 'LANSIA', 'TINGGI', 'KURUS', 'YA', 'YA', 'YA', 'TINGGI'),
(359, 'L', 'LANSIA', 'TINGGI', 'NORMAL', 'YA', 'YA', 'YA', 'TINGGI'),
(360, 'L', 'LANSIA', 'TINGGI', 'OBESITAS', 'YA', 'YA', 'YA', 'TINGGI'),
(361, 'L', 'MANULA', 'RENDAH', 'KURUS', 'TIDAK', 'TIDAK', 'TIDAK', 'TINGGI'),
(362, 'L', 'MANULA', 'RENDAH', 'NORMAL', 'TIDAK', 'TIDAK', 'TIDAK', 'TINGGI'),
(363, 'L', 'MANULA', 'RENDAH', 'OBESITAS', 'TIDAK', 'TIDAK', 'TIDAK', 'TINGGI'),
(364, 'L', 'MANULA', 'RENDAH', 'KURUS', 'TIDAK', 'TIDAK', 'YA', 'TINGGI'),
(365, 'L', 'MANULA', 'RENDAH', 'NORMAL', 'TIDAK', 'TIDAK', 'YA', 'TINGGI'),
(366, 'L', 'MANULA', 'RENDAH', 'OBESITAS', 'TIDAK', 'TIDAK', 'YA', 'TINGGI'),
(367, 'L', 'MANULA', 'RENDAH', 'KURUS', 'TIDAK', 'YA', 'TIDAK', 'TINGGI'),
(368, 'L', 'MANULA', 'RENDAH', 'NORMAL', 'TIDAK', 'YA', 'TIDAK', 'TINGGI'),
(369, 'L', 'MANULA', 'RENDAH', 'OBESITAS', 'TIDAK', 'YA', 'TIDAK', 'TINGGI'),
(370, 'L', 'MANULA', 'RENDAH', 'KURUS', 'TIDAK', 'YA', 'YA', 'TINGGI'),
(371, 'L', 'MANULA', 'RENDAH', 'NORMAL', 'TIDAK', 'YA', 'YA', 'TINGGI'),
(372, 'L', 'MANULA', 'RENDAH', 'OBESITAS', 'TIDAK', 'YA', 'YA', 'TINGGI'),
(373, 'L', 'MANULA', 'RENDAH', 'KURUS', 'YA', 'TIDAK', 'TIDAK', 'TINGGI'),
(374, 'L', 'MANULA', 'RENDAH', 'NORMAL', 'YA', 'TIDAK', 'TIDAK', 'TINGGI'),
(375, 'L', 'MANULA', 'RENDAH', 'OBESITAS', 'YA', 'TIDAK', 'TIDAK', 'TINGGI'),
(376, 'L', 'MANULA', 'RENDAH', 'KURUS', 'YA', 'TIDAK', 'YA', 'TINGGI'),
(377, 'L', 'MANULA', 'RENDAH', 'NORMAL', 'YA', 'TIDAK', 'YA', 'TINGGI'),
(378, 'L', 'MANULA', 'RENDAH', 'OBESITAS', 'YA', 'TIDAK', 'YA', 'TINGGI'),
(379, 'L', 'MANULA', 'RENDAH', 'KURUS', 'YA', 'YA', 'TIDAK', 'TINGGI'),
(380, 'L', 'MANULA', 'RENDAH', 'NORMAL', 'YA', 'YA', 'TIDAK', 'TINGGI'),
(381, 'L', 'MANULA', 'RENDAH', 'OBESITAS', 'YA', 'YA', 'TIDAK', 'TINGGI'),
(382, 'L', 'MANULA', 'RENDAH', 'KURUS', 'YA', 'YA', 'YA', 'TINGGI'),
(383, 'L', 'MANULA', 'RENDAH', 'NORMAL', 'YA', 'YA', 'YA', 'TINGGI'),
(384, 'L', 'MANULA', 'RENDAH', 'OBESITAS', 'YA', 'YA', 'YA', 'TINGGI'),
(385, 'L', 'MANULA', 'NORMAL', 'KURUS', 'TIDAK', 'TIDAK', 'TIDAK', 'TINGGI'),
(386, 'L', 'MANULA', 'NORMAL', 'NORMAL', 'TIDAK', 'TIDAK', 'TIDAK', 'TINGGI'),
(387, 'L', 'MANULA', 'NORMAL', 'OBESITAS', 'TIDAK', 'TIDAK', 'TIDAK', 'TINGGI'),
(388, 'L', 'MANULA', 'NORMAL', 'KURUS', 'TIDAK', 'TIDAK', 'YA', 'TINGGI'),
(389, 'L', 'MANULA', 'NORMAL', 'NORMAL', 'TIDAK', 'TIDAK', 'YA', 'TINGGI'),
(390, 'L', 'MANULA', 'NORMAL', 'OBESITAS', 'TIDAK', 'TIDAK', 'YA', 'TINGGI'),
(391, 'L', 'MANULA', 'NORMAL', 'KURUS', 'TIDAK', 'YA', 'TIDAK', 'TINGGI'),
(392, 'L', 'MANULA', 'NORMAL', 'NORMAL', 'TIDAK', 'YA', 'TIDAK', 'TINGGI'),
(393, 'L', 'MANULA', 'NORMAL', 'OBESITAS', 'TIDAK', 'YA', 'TIDAK', 'TINGGI'),
(394, 'L', 'MANULA', 'NORMAL', 'KURUS', 'TIDAK', 'YA', 'YA', 'TINGGI'),
(395, 'L', 'MANULA', 'NORMAL', 'NORMAL', 'TIDAK', 'YA', 'YA', 'TINGGI'),
(396, 'L', 'MANULA', 'NORMAL', 'OBESITAS', 'TIDAK', 'YA', 'YA', 'TINGGI'),
(397, 'L', 'MANULA', 'NORMAL', 'KURUS', 'YA', 'TIDAK', 'TIDAK', 'TINGGI'),
(398, 'L', 'MANULA', 'NORMAL', 'NORMAL', 'YA', 'TIDAK', 'TIDAK', 'TINGGI'),
(399, 'L', 'MANULA', 'NORMAL', 'OBESITAS', 'YA', 'TIDAK', 'TIDAK', 'TINGGI'),
(400, 'L', 'MANULA', 'NORMAL', 'KURUS', 'YA', 'TIDAK', 'YA', 'TINGGI'),
(401, 'L', 'MANULA', 'NORMAL', 'NORMAL', 'YA', 'TIDAK', 'YA', 'TINGGI'),
(402, 'L', 'MANULA', 'NORMAL', 'OBESITAS', 'YA', 'TIDAK', 'YA', 'TINGGI'),
(403, 'L', 'MANULA', 'NORMAL', 'KURUS', 'YA', 'YA', 'TIDAK', 'TINGGI'),
(404, 'L', 'MANULA', 'NORMAL', 'NORMAL', 'YA', 'YA', 'TIDAK', 'TINGGI'),
(405, 'L', 'MANULA', 'NORMAL', 'OBESITAS', 'YA', 'YA', 'TIDAK', 'TINGGI'),
(406, 'L', 'MANULA', 'NORMAL', 'KURUS', 'YA', 'YA', 'YA', 'TINGGI'),
(407, 'L', 'MANULA', 'NORMAL', 'NORMAL', 'YA', 'YA', 'YA', 'TINGGI'),
(408, 'L', 'MANULA', 'NORMAL', 'OBESITAS', 'YA', 'YA', 'YA', 'TINGGI'),
(409, 'L', 'MANULA', 'TINGGI', 'KURUS', 'TIDAK', 'TIDAK', 'TIDAK', 'TINGGI'),
(410, 'L', 'MANULA', 'TINGGI', 'NORMAL', 'TIDAK', 'TIDAK', 'TIDAK', 'TINGGI'),
(411, 'L', 'MANULA', 'TINGGI', 'OBESITAS', 'TIDAK', 'TIDAK', 'TIDAK', 'TINGGI'),
(412, 'L', 'MANULA', 'TINGGI', 'KURUS', 'TIDAK', 'TIDAK', 'YA', 'TINGGI'),
(413, 'L', 'MANULA', 'TINGGI', 'NORMAL', 'TIDAK', 'TIDAK', 'YA', 'TINGGI'),
(414, 'L', 'MANULA', 'TINGGI', 'OBESITAS', 'TIDAK', 'TIDAK', 'YA', 'TINGGI'),
(415, 'L', 'MANULA', 'TINGGI', 'KURUS', 'TIDAK', 'YA', 'TIDAK', 'TINGGI'),
(416, 'L', 'MANULA', 'TINGGI', 'NORMAL', 'TIDAK', 'YA', 'TIDAK', 'TINGGI'),
(417, 'L', 'MANULA', 'TINGGI', 'OBESITAS', 'TIDAK', 'YA', 'TIDAK', 'TINGGI'),
(418, 'L', 'MANULA', 'TINGGI', 'KURUS', 'TIDAK', 'YA', 'YA', 'TINGGI'),
(419, 'L', 'MANULA', 'TINGGI', 'NORMAL', 'TIDAK', 'YA', 'YA', 'TINGGI'),
(420, 'L', 'MANULA', 'TINGGI', 'OBESITAS', 'TIDAK', 'YA', 'YA', 'TINGGI'),
(421, 'L', 'MANULA', 'TINGGI', 'KURUS', 'YA', 'TIDAK', 'TIDAK', 'TINGGI'),
(422, 'L', 'MANULA', 'TINGGI', 'NORMAL', 'YA', 'TIDAK', 'TIDAK', 'TINGGI'),
(423, 'L', 'MANULA', 'TINGGI', 'OBESITAS', 'YA', 'TIDAK', 'TIDAK', 'TINGGI'),
(424, 'L', 'MANULA', 'TINGGI', 'KURUS', 'YA', 'TIDAK', 'YA', 'TINGGI'),
(425, 'L', 'MANULA', 'TINGGI', 'NORMAL', 'YA', 'TIDAK', 'YA', 'TINGGI'),
(426, 'L', 'MANULA', 'TINGGI', 'OBESITAS', 'YA', 'TIDAK', 'YA', 'TINGGI'),
(427, 'L', 'MANULA', 'TINGGI', 'KURUS', 'YA', 'YA', 'TIDAK', 'TINGGI'),
(428, 'L', 'MANULA', 'TINGGI', 'NORMAL', 'YA', 'YA', 'TIDAK', 'TINGGI'),
(429, 'L', 'MANULA', 'TINGGI', 'OBESITAS', 'YA', 'YA', 'TIDAK', 'TINGGI'),
(430, 'L', 'MANULA', 'TINGGI', 'KURUS', 'YA', 'YA', 'YA', 'TINGGI'),
(431, 'L', 'MANULA', 'TINGGI', 'NORMAL', 'YA', 'YA', 'YA', 'TINGGI'),
(432, 'L', 'MANULA', 'TINGGI', 'OBESITAS', 'YA', 'YA', 'YA', 'TINGGI');

-- --------------------------------------------------------

--
-- Table structure for table `tb_user`
--

CREATE TABLE `tb_user` (
  `id_user` int(11) NOT NULL,
  `username` varchar(15) NOT NULL,
  `nama_lengkap` varchar(50) NOT NULL,
  `alamat_lengkap` varchar(100) NOT NULL,
  `gender` enum('L','P') NOT NULL,
  `tempat` varchar(50) NOT NULL,
  `tgl_lahir` date NOT NULL,
  `img` varchar(50) NOT NULL,
  `no_hp` varchar(15) NOT NULL,
  `email` varchar(50) NOT NULL,
  `active` int(1) NOT NULL DEFAULT '0'
) ENGINE=InnoDB DEFAULT CHARSET=latin1;

--
-- Dumping data for table `tb_user`
--

INSERT INTO `tb_user` (`id_user`, `username`, `nama_lengkap`, `alamat_lengkap`, `gender`, `tempat`, `tgl_lahir`, `img`, `no_hp`, `email`, `active`) VALUES
(3, '01811461', 'Erwin Sutedjo', 'Yogyakarta', 'L', 'Yogyakarta', '1955-04-13', '', '0', 'xx@xx.com', 1),
(4, '00357540', 'Sogiyem', 'Yogyakarta', 'L', 'Yogyakarta', '1930-08-22', '', '0', 'xx@xx.com', 1),
(5, '01756066', 'Tugimin', 'Yogyakarta', 'P', 'Yogyakarta', '1950-05-09', '', '0', 'xx@xx.com', 1),
(6, '01836808', 'Suryaningsih', 'Yogyakarta', 'L', 'Yogyakarta', '1962-03-07', '', '0', 'xx@xx.com', 1),
(7, '01779102', 'Isdaryanto', 'Yogyakarta', 'P', 'Yogyakarta', '1981-11-22', '', '0', 'xx@xx.com', 1),
(8, '01834532', 'Widi Setyaningrum', 'Yogyakarta', 'L', 'Yogyakarta', '1960-03-17', '', '0', 'xx@xx.com', 1),
(9, '01671868', 'Sri Rumini', 'Yogyakarta', 'L', 'Yogyakarta', '1959-03-23', '', '0', 'xx@xx.com', 1),
(10, '00160686', 'Poniyem ', 'Yogyakarta', 'L', 'Yogyakarta', '1951-05-04', '', '0', 'xx@xx.com', 1),
(11, '01342671', 'Slamet Noto Sudarmo', 'Yogyakarta', 'P', 'Yogyakarta', '1945-06-04', '', '0', 'xx@xx.com', 1),
(12, '01783167', 'Hj. Kartini', 'Yogyakarta', 'P', 'Yogyakarta', '1957-04-02', '', '0', 'xx@xx.com', 1),
(13, '00883358', 'Suharmiyah', 'Yogyakarta', 'P', 'Yogyakarta', '1944-06-09', '', '0', 'xx@xx.com', 1),
(14, '01791470', 'Sunaryo', 'Yogyakarta', 'L', 'Yogyakarta', '1958-03-28', '', '0', 'xx@xx.com', 1),
(15, '01547979', 'Sugiyatno', 'Yogyakarta', 'L', 'Yogyakarta', '1965-02-19', '', '0', 'xx@xx.com', 1),
(16, '01433593', 'Prana Prawidya', 'Yogyakarta', 'L', 'Yogyakarta', '1982-11-17', '', '0', 'xx@xx.com', 1),
(17, '01717193', 'SSS. Budha Parin', 'Yogyakarta', 'P', 'Yogyakarta', '1958-03-28', '', '0', 'xx@xx.com', 1),
(18, '01448149', 'Abdul Ghofur', 'Yogyakarta', 'L', 'Yogyakarta', '1966-02-14', '', '0', 'xx@xx.com', 1),
(19, '01832949', 'Herry Soeratho', 'Yogyakarta', 'L', 'Yogyakarta', '1946-05-30', '', '0', 'xx@xx.com', 1),
(20, '01672445', 'Radjiyono', 'Yogyakarta', 'L', 'Yogyakarta', '1956-04-07', '', '0', 'xx@xx.com', 1),
(21, '01143239', 'Achmad Yani', 'Yogyakarta', 'L', 'Yogyakarta', '1945-06-04', '', '0', 'xx@xx.com', 1),
(22, '01763019', 'Hari Danang Riya', 'Yogyakarta', 'L', 'Yogyakarta', '1965-02-19', '', '0', 'xx@xx.com', 1),
(23, '01592116', 'Suparno FX', 'Yogyakarta', 'L', 'Yogyakarta', '1949-05-14', '', '0', 'xx@xx.com', 1),
(24, '01520734', 'Slamet Riyadi BP', 'Yogyakarta', 'L', 'Yogyakarta', '1953-04-23', '', '0', 'xx@xx.com', 1),
(25, '01701633', 'Komari ', 'Yogyakarta', 'L', 'Yogyakarta', '1960-03-17', '', '0', 'xx@xx.com', 1),
(26, '01619725', 'Iwan Wardoyo', 'Yogyakarta', 'L', 'Yogyakarta', '1955-04-13', '', '0', 'xx@xx.com', 1),
(27, '01681350', 'Waljiyono', 'Yogyakarta', 'L', 'Yogyakarta', '1964-02-25', '', '0', 'xx@xx.com', 1),
(28, '00515849', 'Candra Multasih', 'Yogyakarta', 'P', 'Yogyakarta', '1971-01-19', '', '0', 'xx@xx.com', 1),
(29, '01832948', 'Wahono', 'Yogyakarta', 'L', 'Yogyakarta', '1959-03-23', '', '0', 'xx@xx.com', 1),
(30, '01782143', 'Yahya Nasrul Fauzi', 'Yogyakarta', 'L', 'Yogyakarta', '1966-02-14', '', '0', 'xx@xx.com', 1),
(31, '01386341', 'Djasidi', 'Yogyakarta', 'L', 'Yogyakarta', '1955-04-13', '', '0', 'xx@xx.com', 1),
(32, '01820341', 'Slamet Triyono', 'Yogyakarta', 'L', 'Yogyakarta', '1961-03-12', '', '0', 'xx@xx.com', 1),
(33, '01546086', 'Sriyatun Purwanti', 'Yogyakarta', 'P', 'Yogyakarta', '1952-04-28', '', '0', 'xx@xx.com', 1),
(34, '01778435', 'Radiyem / Slamet', 'Yogyakarta', 'P', 'Yogyakarta', '1951-05-04', '', '0', 'xx@xx.com', 1),
(35, '01183934', 'Sarjono', 'Yogyakarta', 'L', 'Yogyakarta', '1961-03-12', '', '0', 'xx@xx.com', 1),
(36, '01825332', 'Hadi Muljo', 'Yogyakarta', 'L', 'Yogyakarta', '1951-05-04', '', '0', 'xx@xx.com', 1),
(37, '01813816', 'Joko Purwanto', 'Yogyakarta', 'L', 'Yogyakarta', '1971-01-19', '', '0', 'xx@xx.com', 1),
(38, '01031691', 'Suwandi, S.Pd', 'Yogyakarta', 'L', 'Yogyakarta', '1959-03-23', '', '0', 'xx@xx.com', 1),
(39, '01783368', 'Ari Bharata', 'Yogyakarta', 'L', 'Yogyakarta', '1962-03-07', '', '0', 'xx@xx.com', 1),
(40, '01760966', 'Elda Susunto', 'Yogyakarta', 'L', 'Yogyakarta', '1970-01-24', '', '0', 'xx@xx.com', 1),
(41, '01767356', 'Bahtiar Hendri', 'Yogyakarta', 'L', 'Yogyakarta', '1973-01-08', '', '0', 'xx@xx.com', 1),
(42, '00346646', 'Budiyono', 'Yogyakarta', 'L', 'Yogyakarta', '1944-06-09', '', '0', 'xx@xx.com', 1),
(43, '01804543', 'Anggono', 'Yogyakarta', 'L', 'Yogyakarta', '1952-04-28', '', '0', 'xx@xx.com', 1),
(44, '01794417', 'Sadiyo', 'Yogyakarta', 'L', 'Yogyakarta', '1958-03-28', '', '0', 'xx@xx.com', 1),
(45, '01783807', 'Mulyadi', 'Yogyakarta', 'P', 'Yogyakarta', '1960-03-17', '', '0', 'xx@xx.com', 1),
(46, '01792411', 'Kuwadi', 'Yogyakarta', 'L', 'Yogyakarta', '1979-12-03', '', '0', 'xx@xx.com', 1),
(47, '01780466', 'Ana Setiawati', 'Yogyakarta', 'P', 'Yogyakarta', '1996-09-04', '', '0', 'xx@xx.com', 1),
(48, '01758753', 'Wiwik Lestari', 'Yogyakarta', 'P', 'Yogyakarta', '1968-02-04', '', '0', 'xx@xx.com', 1),
(49, '01799532', 'Dwi Budiyanti', 'Yogyakarta', 'P', 'Yogyakarta', '1980-11-27', '', '0', 'xx@xx.com', 1),
(50, '01096682', 'Muhammad Romandi', 'Yogyakarta', 'L', 'Yogyakarta', '1941-06-25', '', '0', 'xx@xx.com', 1),
(51, '01138534', 'Syamsuwarno', 'Yogyakarta', 'L', 'Yogyakarta', '1958-03-28', '', '0', 'xx@xx.com', 1),
(52, '01077697', 'Nurhadi', 'Yogyakarta', 'L', 'Yogyakarta', '1954-04-18', '', '0', 'xx@xx.com', 1),
(53, '01840321', 'Suparmin', 'Yogyakarta', 'L', 'Yogyakarta', '1964-02-25', '', '0', 'xx@xx.com', 1),
(54, '00083114', 'Sri Suryanti', 'Yogyakarta', 'P', 'Yogyakarta', '1975-12-24', '', '0', 'xx@xx.com', 1),
(55, '01840346', 'Ayu Rahayu Sulih', 'Yogyakarta', 'P', 'Yogyakarta', '1969-01-29', '', '0', 'xx@xx.com', 1),
(56, '01840344', 'Setya Wiastuti', 'Yogyakarta', 'P', 'Yogyakarta', '1967-02-09', '', '0', 'xx@xx.com', 1),
(57, '01656634', 'Nur Jamangatun', 'Yogyakarta', 'P', 'Yogyakarta', '1984-11-06', '', '0', 'xx@xx.com', 1),
(58, '01837864', 'Parinem', 'Yogyakarta', 'P', 'Yogyakarta', '1951-05-04', '', '0', 'xx@xx.com', 1),
(59, '01436931', 'Niso Setiyanto', 'Yogyakarta', 'L', 'Yogyakarta', '1967-02-09', '', '0', 'xx@xx.com', 1),
(60, '01814814', 'Suharno', 'Yogyakarta', 'L', 'Yogyakarta', '1962-03-07', '', '0', 'xx@xx.com', 1),
(61, '01520038', 'Siti Mutmainah', 'Yogyakarta', 'L', 'Yogyakarta', '1960-03-17', '', '0', 'xx@xx.com', 1),
(62, '00692620', 'Ngadimin', 'Yogyakarta', 'P', 'Yogyakarta', '1936-07-21', '', '0', 'xx@xx.com', 1),
(63, '01737726', 'Warno Suwito', 'Yogyakarta', 'P', 'Yogyakarta', '1941-06-25', '', '0', 'xx@xx.com', 1),
(64, '01830190', 'Slamet Wira Handoko, S.Sc', 'Yogyakarta', 'P', 'Yogyakarta', '1975-12-24', '', '0', 'xx@xx.com', 1),
(65, '01837567', 'Sudarti', 'Yogyakarta', 'P', 'Yogyakarta', '1955-04-13', '', '0', 'xx@xx.com', 1),
(66, '01338980', 'Maria Erlin BSc', 'Yogyakarta', 'P', 'Yogyakarta', '1961-03-12', '', '0', 'xx@xx.com', 1),
(67, '01328980', 'Yulina Siwi', 'Yogyakarta', 'P', 'Yogyakarta', '1965-02-19', '', '0', 'xx@xx.com', 1),
(68, '01815464', 'Slamet Tjolle', 'Yogyakarta', 'L', 'Yogyakarta', '1965-02-19', '', '0', 'xx@xx.com', 1),
(69, '01829446', 'Parjiman', 'Yogyakarta', 'L', 'Yogyakarta', '1961-03-12', '', '0', 'xx@xx.com', 1),
(70, '01701605', 'Suhardani', 'Yogyakarta', 'L', 'Yogyakarta', '1969-01-29', '', '0', 'xx@xx.com', 1),
(71, '00431998', 'Weni Puji', 'Yogyakarta', 'P', 'Yogyakarta', '1970-01-24', '', '0', 'xx@xx.com', 1),
(72, '01595996', 'Mardilah', 'Yogyakarta', 'P', 'Yogyakarta', '1954-04-18', '', '0', 'xx@xx.com', 1),
(73, '01719794', 'Mutmainah', 'Yogyakarta', 'P', 'Yogyakarta', '1955-04-13', '', '0', 'xx@xx.com', 1),
(74, '01823485', 'Joko Hadi Purwanto', 'Yogyakarta', 'L', 'Yogyakarta', '1962-03-07', '', '0', 'xx@xx.com', 1),
(75, '01554274', 'Yahman', 'Yogyakarta', 'L', 'Yogyakarta', '1966-02-14', '', '0', 'xx@xx.com', 1),
(76, '01489832', 'Budi Siswanto', 'Yogyakarta', 'L', 'Yogyakarta', '1945-06-04', '', '0', 'xx@xx.com', 1),
(77, '01777143', 'Hartono Sutjipto', 'Yogyakarta', 'P', 'Yogyakarta', '1926-09-12', '', '0', 'xx@xx.com', 1),
(78, '00487816', 'Tri Joko Hadianto', 'Yogyakarta', 'L', 'Yogyakarta', '1959-03-23', '', '0', 'xx@xx.com', 1),
(79, '00501807', 'Nuryanto', 'Yogyakarta', 'L', 'Yogyakarta', '1966-02-14', '', '0', 'xx@xx.com', 1),
(80, '01830004', 'Syamsul Rizal', 'Yogyakarta', 'L', 'Yogyakarta', '1960-03-17', '', '0', 'xx@xx.com', 1),
(81, '01802149', 'Sri Hatarani', 'Yogyakarta', 'P', 'Yogyakarta', '1944-06-09', '', '0', 'xx@xx.com', 1),
(82, '01832991', 'Warsito', 'Yogyakarta', 'L', 'Yogyakarta', '1955-04-13', '', '0', 'xx@xx.com', 1),
(83, '01839591', 'Joko Sarimulya', 'Yogyakarta', 'L', 'Yogyakarta', '1976-12-18', '', '0', 'xx@xx.com', 1),
(84, '01829215', 'Wagirah', 'Yogyakarta', 'P', 'Yogyakarta', '1948-05-19', '', '0', 'xx@xx.com', 1),
(85, '01841490', 'Pujiono', 'Yogyakarta', 'L', 'Yogyakarta', '1959-03-23', '', '0', 'xx@xx.com', 1),
(86, '01435851', 'Suhartono', 'Yogyakarta', 'L', 'Yogyakarta', '1966-02-14', '', '0', 'xx@xx.com', 1),
(87, '01196122', 'Amalia Ratna', 'Yogyakarta', 'P', 'Yogyakarta', '1986-10-27', '', '0', 'xx@xx.com', 1),
(88, '01695169', 'Sudarman', 'Yogyakarta', 'L', 'Yogyakarta', '1961-03-12', '', '0', 'xx@xx.com', 1),
(89, '01832697', 'Anik Uswatun H', 'Yogyakarta', 'P', 'Yogyakarta', '1986-10-27', '', '0', 'xx@xx.com', 1),
(90, '01831083', 'Rusyani', 'Yogyakarta', 'P', 'Yogyakarta', '1984-11-06', '', '0', 'xx@xx.com', 1),
(91, '01774677', 'Rasiyem', 'Yogyakarta', 'P', 'Yogyakarta', '1949-05-14', '', '0', 'xx@xx.com', 1),
(92, '01837477', 'Masjudi Utomo', 'Yogyakarta', 'L', 'Yogyakarta', '1972-01-14', '', '0', 'xx@xx.com', 1),
(93, '01815274', 'Ramelan', 'Yogyakarta', 'L', 'Yogyakarta', '1966-02-14', '', '0', 'xx@xx.com', 1),
(94, '01828072', 'Arijono', 'Yogyakarta', 'L', 'Yogyakarta', '1962-03-07', '', '0', 'xx@xx.com', 1),
(95, '01775070', 'Purwanto', 'Yogyakarta', 'L', 'Yogyakarta', '1960-03-17', '', '0', 'xx@xx.com', 1),
(96, '01527469', 'ST. Soebijanto', 'Yogyakarta', 'L', 'Yogyakarta', '1948-05-19', '', '0', 'xx@xx.com', 1),
(97, '01828060', 'FX Samiyo', 'Yogyakarta', 'L', 'Yogyakarta', '1963-03-02', '', '0', 'xx@xx.com', 1),
(98, '01800558', 'Sutarmi', 'Yogyakarta', 'P', 'Yogyakarta', '1965-02-19', '', '0', 'xx@xx.com', 1),
(99, '01826257', 'Karsono', 'Yogyakarta', 'L', 'Yogyakarta', '1962-03-07', '', '0', 'xx@xx.com', 1),
(100, '01732543', 'Paingun', 'Yogyakarta', 'L', 'Yogyakarta', '1965-02-19', '', '0', 'xx@xx.com', 1),
(101, '01780241', 'Dwijo Wiyono', 'Yogyakarta', 'P', 'Yogyakarta', '1960-03-17', '', '0', 'xx@xx.com', 1),
(102, '01799729', 'Kasiman', 'Yogyakarta', 'L', 'Yogyakarta', '1972-01-14', '', '0', 'xx@xx.com', 1),
(103, '01114424', 'Tri Astuti', 'Yogyakarta', 'P', 'Yogyakarta', '1985-11-01', '', '0', 'xx@xx.com', 1),
(104, '01764415', 'Waliyem', 'Yogyakarta', 'P', 'Yogyakarta', '1952-04-28', '', '0', 'xx@xx.com', 1),
(105, '01837400', 'Ratna Setianingsih', 'Yogyakarta', 'P', 'Yogyakarta', '1974-01-03', '', '0', 'xx@xx.com', 1),
(106, '01822213', 'Yulius Agus Sutopo', 'Yogyakarta', 'L', 'Yogyakarta', '1969-01-29', '', '0', 'xx@xx.com', 1),
(107, '01788214', 'Nur Rahmatilah', 'Yogyakarta', 'P', 'Yogyakarta', '1993-09-20', '', '0', 'xx@xx.com', 1),
(108, '01829413', 'Siti Rohana', 'Yogyakarta', 'P', 'Yogyakarta', '1998-08-25', '', '0', 'xx@xx.com', 1),
(109, '01777828', 'Retvi Arshanti', 'Yogyakarta', 'P', 'Yogyakarta', '1998-08-25', '', '0', 'xx@xx.com', 1),
(110, '01822145', 'Harun Budi Utomo', 'Yogyakarta', 'L', 'Yogyakarta', '1995-09-10', '', '0', 'xx@xx.com', 1),
(111, '01817346', 'Eko Bagus Prayoga', 'Yogyakarta', 'L', 'Yogyakarta', '1986-10-27', '', '0', 'xx@xx.com', 1),
(112, '01824949', 'Etty Lestari', 'Yogyakarta', 'P', 'Yogyakarta', '1962-03-07', '', '0', 'xx@xx.com', 1),
(113, '01816484', 'Siti Maesaroh', 'Yogyakarta', 'P', 'Yogyakarta', '1990-10-06', '', '0', 'xx@xx.com', 1),
(114, '01823292', 'Intando Reasi Supriyani', 'Yogyakarta', 'P', 'Yogyakarta', '1992-09-25', '', '0', 'xx@xx.com', 1),
(115, '01834284', 'Desi Setiyarini', 'Yogyakarta', 'P', 'Yogyakarta', '1998-08-25', '', '0', 'xx@xx.com', 1),
(116, '00620394', 'Hendri Setiawan', 'Yogyakarta', 'L', 'Yogyakarta', '1972-01-14', '', '0', 'xx@xx.com', 1),
(117, '01840281', 'Sulami', 'Yogyakarta', 'P', 'Yogyakarta', '1957-04-02', '', '0', 'xx@xx.com', 1),
(118, '01833683', 'Siprihatin', 'Yogyakarta', 'L', 'Yogyakarta', '1967-02-09', '', '0', 'xx@xx.com', 1),
(119, '01817382', 'Sugiharto', 'Yogyakarta', 'L', 'Yogyakarta', '1953-04-23', '', '0', 'xx@xx.com', 1),
(120, '01329777', 'Marlina Wulansari', 'Yogyakarta', 'P', 'Yogyakarta', '1985-11-01', '', '0', 'xx@xx.com', 1),
(121, '01509860', 'Suyatno Stephanus', 'Yogyakarta', 'L', 'Yogyakarta', '1944-06-09', '', '0', 'xx@xx.com', 1),
(122, '01774654', 'Galuh Arifin Syad', 'Yogyakarta', 'P', 'Yogyakarta', '1995-09-10', '', '0', 'xx@xx.com', 1),
(123, '01722850', 'Ratna Apriliani', 'Yogyakarta', 'P', 'Yogyakarta', '1996-09-04', '', '0', 'xx@xx.com', 1),
(124, '01817599', 'Rasmin', 'Yogyakarta', 'L', 'Yogyakarta', '1972-01-14', '', '0', 'xx@xx.com', 1),
(125, '01829868', 'Agus Sugiyarno', 'Yogyakarta', 'L', 'Yogyakarta', '1964-02-25', '', '0', 'xx@xx.com', 1),
(126, '01839455', 'Surip', 'Yogyakarta', 'L', 'Yogyakarta', '1959-03-23', '', '0', 'xx@xx.com', 1),
(128, '01840400', 'Ardytiawarman GA', 'Yogyakarta', 'L', 'Yogyakarta', '1986-10-27', '7K0MDT1YW8CBO2546QJULGFSV3NXIRZAH9PE.jpg', '0', 'xxx@xxx.com', 1),
(129, '01839597', 'Riki Karnovi', 'Blok 12', 'L', 'RS', '1998-12-12', '', '081916977770', 'rikikarnovi@gmail.com', 0),
(130, '01839598', 'Lidwina Triniska Gulo', 'Jl. Sariasih No.54, Sarijadi Kota Bandung 40151', 'P', 'RS', '1974-01-01', '', '081916977771', 'lidwina@example.com', 0),
(138, '01839599', 'Alwan Suryansah', 'Blok 12', 'L', 'RS', '1960-12-12', 'T1WZ7B4I8R6N5MVHJ2Q9YXODFLAP3SGECK0U.jpg', '081916977878', 'alwan@example.com', 0);

-- --------------------------------------------------------

--
-- Table structure for table `tb_validasi`
--

CREATE TABLE `tb_validasi` (
  `id_validasi` int(11) NOT NULL,
  `id_kesimpulan` int(8) NOT NULL,
  `id_periksa` int(10) NOT NULL,
  `tgl_test` datetime NOT NULL,
  `username` varchar(20) NOT NULL,
  `nama_lengkap` varchar(50) NOT NULL,
  `jenis_kelamin` varchar(1) NOT NULL,
  `usia` int(3) NOT NULL,
  `z_total` float NOT NULL,
  `nama_diagnosa` varchar(20) NOT NULL,
  `validasi_pakar` varchar(20) NOT NULL,
  `keterangan` varchar(20) NOT NULL
) ENGINE=InnoDB DEFAULT CHARSET=latin1;

--
-- Dumping data for table `tb_validasi`
--

INSERT INTO `tb_validasi` (`id_validasi`, `id_kesimpulan`, `id_periksa`, `tgl_test`, `username`, `nama_lengkap`, `jenis_kelamin`, `usia`, `z_total`, `nama_diagnosa`, `validasi_pakar`, `keterangan`) VALUES
(1, 1, 3, '2019-05-23 10:49:05', '01811461', 'Erwin Sutedjo', 'L', 64, 60, 'TINGGI', 'TINGGI', 'SESUAI'),
(2, 2, 4, '2019-05-23 10:49:05', '00357540', 'Sogiyem', 'L', 89, 60, 'TINGGI', 'TINGGI', 'SESUAI'),
(3, 3, 5, '2019-05-23 10:49:05', '01756066', 'Tugimin', 'P', 69, 15, 'SEDANG', 'SEDANG', 'SESUAI'),
(4, 4, 6, '2019-05-23 10:49:05', '01836808', 'Suryaningsih', 'L', 57, 73.7313, 'TINGGI', 'TINGGI', 'SESUAI'),
(5, 5, 7, '2019-05-23 10:49:05', '01779102', 'Isdaryanto', 'P', 37, 10, 'RENDAH', 'RENDAH', 'SESUAI'),
(6, 6, 8, '2019-05-23 10:49:05', '01834532', 'Widi Setyaningrum', 'L', 59, 100, 'TINGGI', 'TINGGI', 'SESUAI'),
(7, 7, 9, '2019-05-23 10:49:05', '01671868', 'Sri Rumini', 'L', 60, 100, 'TINGGI', 'TINGGI', 'SESUAI'),
(8, 8, 10, '2019-05-23 10:49:05', '00160686', 'Poniyem ', 'L', 68, 100, 'TINGGI', 'TINGGI', 'SESUAI'),
(9, 9, 11, '2019-05-23 10:49:05', '01342671', 'Slamet Noto Sudarmo', 'P', 74, 55, 'TINGGI', 'TINGGI', 'SESUAI'),
(10, 10, 12, '2019-05-23 10:49:05', '01783167', 'Hj. Kartini', 'P', 62, 77.091, 'TINGGI', 'SEDANG', 'TIDAK SESUAI'),
(11, 11, 13, '2019-05-23 10:49:05', '00883358', 'Suharmiyah', 'P', 75, 100, 'TINGGI', 'TINGGI', 'SESUAI'),
(12, 12, 14, '2019-05-23 10:49:05', '01791470', 'Sunaryo', 'L', 61, 60, 'TINGGI', 'TINGGI', 'SESUAI'),
(13, 13, 15, '2019-05-23 10:49:05', '01547979', 'Sugiyatno', 'L', 54, 60, 'TINGGI', 'TINGGI', 'SESUAI'),
(14, 14, 16, '2019-05-23 10:49:05', '01433593', 'Prana Prawidya', 'L', 36, 10, 'RENDAH', 'RENDAH', 'SESUAI'),
(15, 15, 17, '2019-05-23 10:49:05', '01717193', 'SSS. Budha Parin', 'P', 61, 100, 'TINGGI', 'TINGGI', 'SESUAI'),
(16, 16, 18, '2019-05-23 10:49:05', '01448149', 'Abdul Ghofur', 'L', 53, 60, 'TINGGI', 'TINGGI', 'SESUAI'),
(17, 17, 19, '2019-05-23 10:49:05', '01832949', 'Herry Soeratho', 'L', 73, 60, 'TINGGI', 'TINGGI', 'SESUAI'),
(18, 18, 20, '2019-05-23 10:49:05', '01672445', 'Radjiyono', 'L', 63, 60, 'TINGGI', 'TINGGI', 'SESUAI'),
(19, 19, 21, '2019-05-23 10:49:05', '01143239', 'Achmad Yani', 'L', 74, 100, 'TINGGI', 'TINGGI', 'SESUAI'),
(20, 20, 22, '2019-05-23 10:49:05', '01763019', 'Hari Danang Riya', 'L', 54, 52, 'TINGGI', 'SEDANG', 'TIDAK SESUAI'),
(21, 21, 23, '2019-05-23 10:49:05', '01592116', 'Suparno FX', 'L', 70, 43.3333, 'TINGGI', 'TINGGI', 'SESUAI'),
(22, 22, 24, '2019-05-23 10:49:05', '01520734', 'Slamet Riyadi BP', 'L', 66, 60, 'TINGGI', 'TINGGI', 'SESUAI'),
(23, 23, 25, '2019-05-23 10:49:05', '01701633', 'Komari ', 'L', 59, 100, 'TINGGI', 'TINGGI', 'SESUAI'),
(24, 24, 26, '2019-05-23 10:49:05', '01619725', 'Iwan Wardoyo', 'L', 64, 60, 'TINGGI', 'TINGGI', 'SESUAI'),
(25, 25, 27, '2019-05-23 10:49:05', '01681350', 'Waljiyono', 'L', 55, 70, 'TINGGI', 'TINGGI', 'SESUAI'),
(26, 26, 28, '2019-05-23 10:49:05', '00515849', 'Candra Multasih', 'P', 48, 10, 'RENDAH', 'RENDAH', 'SESUAI'),
(27, 27, 29, '2019-05-23 10:49:05', '01832948', 'Wahono', 'L', 60, 100, 'TINGGI', 'TINGGI', 'SESUAI'),
(28, 28, 30, '2019-05-23 10:49:05', '01782143', 'Yahya Nasrul Fauzi', 'L', 53, 60, 'TINGGI', 'TINGGI', 'SESUAI'),
(29, 29, 31, '2019-05-23 10:49:05', '01386341', 'Djasidi', 'L', 64, 60, 'TINGGI', 'TINGGI', 'SESUAI'),
(30, 30, 32, '2019-05-23 10:49:05', '01820341', 'Slamet Triyono', 'L', 58, 84, 'TINGGI', 'TINGGI', 'SESUAI'),
(31, 31, 33, '2019-05-23 10:49:05', '01546086', 'Sriyatun Purwanti', 'P', 67, 60, 'TINGGI', 'TINGGI', 'SESUAI'),
(32, 32, 34, '2019-05-23 10:49:05', '01778435', 'Radiyem / Slamet', 'P', 68, 55, 'TINGGI', 'SEDANG', 'TIDAK SESUAI'),
(33, 33, 35, '2019-05-23 10:49:05', '01183934', 'Sarjono', 'L', 58, 100, 'TINGGI', 'TINGGI', 'SESUAI'),
(34, 34, 36, '2019-05-23 10:49:05', '01825332', 'Hadi Muljo', 'L', 68, 60, 'TINGGI', 'TINGGI', 'SESUAI'),
(35, 35, 37, '2019-05-23 10:49:05', '01813816', 'Joko Purwanto', 'L', 48, 10, 'RENDAH', 'RENDAH', 'SESUAI'),
(36, 36, 38, '2019-05-23 10:49:05', '01031691', 'Suwandi, S.Pd', 'L', 60, 100, 'TINGGI', 'TINGGI', 'SESUAI'),
(37, 37, 39, '2019-05-23 10:49:05', '01783368', 'Ari Bharata', 'L', 57, 100, 'TINGGI', 'TINGGI', 'SESUAI'),
(38, 38, 40, '2019-05-23 10:49:05', '01760966', 'Elda Susunto', 'L', 49, 10, 'RENDAH', 'RENDAH', 'SESUAI'),
(39, 39, 41, '2019-05-23 10:49:05', '01767356', 'Bahtiar Hendri', 'L', 46, 48.7253, 'TINGGI', 'TINGGI', 'SESUAI'),
(40, 40, 42, '2019-05-23 10:49:05', '00346646', 'Budiyono', 'L', 75, 64, 'TINGGI', 'TINGGI', 'SESUAI'),
(41, 41, 43, '2019-05-23 10:49:05', '01804543', 'Anggono', 'L', 67, 60, 'TINGGI', 'TINGGI', 'SESUAI'),
(42, 42, 44, '2019-05-23 10:49:05', '01794417', 'Sadiyo', 'L', 61, 60, 'TINGGI', 'TINGGI', 'SESUAI'),
(43, 43, 45, '2019-05-23 10:49:05', '01783807', 'Mulyadi', 'P', 59, 92, 'TINGGI', 'SEDANG', 'TIDAK SESUAI'),
(44, 44, 46, '2019-05-23 10:49:05', '01792411', 'Kuwadi', 'L', 39, 14, 'SEDANG', 'SEDANG', 'SESUAI'),
(45, 45, 47, '2019-05-23 10:49:05', '01780466', 'Ana Setiawati', 'P', 22, 10, 'RENDAH', 'RENDAH', 'SESUAI'),
(46, 46, 48, '2019-05-23 10:49:05', '01758753', 'Wiwik Lestari', 'P', 51, 10, 'RENDAH', 'RENDAH', 'SESUAI'),
(47, 47, 49, '2019-05-23 10:49:05', '01799532', 'Dwi Budiyanti', 'P', 38, 10, 'RENDAH', 'RENDAH', 'SESUAI'),
(48, 48, 50, '2019-05-23 10:49:05', '01096682', 'Muhammad Romandi', 'L', 78, 100, 'TINGGI', 'TINGGI', 'SESUAI'),
(49, 49, 51, '2019-05-23 10:49:05', '01138534', 'Syamsuwarno', 'L', 61, 60, 'TINGGI', 'TINGGI', 'SESUAI'),
(50, 50, 52, '2019-05-23 10:49:05', '01077697', 'Nurhadi', 'L', 65, 100, 'TINGGI', 'TINGGI', 'SESUAI'),
(51, 51, 60, '2019-05-23 10:49:05', '01814814', 'Suharno', 'L', 57, 100, 'TINGGI', 'TINGGI', 'SESUAI'),
(52, 52, 61, '2019-05-23 10:49:05', '01520038', 'Siti Mutmainah', 'L', 59, 92, 'TINGGI', 'TINGGI', 'SESUAI'),
(53, 53, 62, '2019-05-23 10:49:05', '00692620', 'Ngadimin', 'P', 83, 100, 'TINGGI', 'TINGGI', 'SESUAI'),
(54, 54, 67, '2019-05-23 10:49:05', '01328980', 'Yulina Siwi', 'P', 54, 100, 'TINGGI', 'TINGGI', 'SESUAI'),
(55, 55, 68, '2019-05-23 10:49:05', '01815464', 'Slamet Tjolle', 'L', 54, 60, 'TINGGI', 'TINGGI', 'SESUAI'),
(56, 56, 70, '2019-05-23 10:49:05', '01701605', 'Suhardani', 'L', 50, 60, 'TINGGI', 'TINGGI', 'SESUAI'),
(57, 57, 71, '2019-05-23 10:49:05', '00431998', 'Weni Puji', 'P', 49, 10, 'RENDAH', 'RENDAH', 'SESUAI'),
(58, 58, 72, '2019-05-23 10:49:05', '01595996', 'Mardilah', 'P', 65, 100, 'TINGGI', 'TINGGI', 'SESUAI'),
(59, 59, 76, '2019-05-23 10:49:05', '01489832', 'Budi Siswanto', 'L', 74, 60, 'TINGGI', 'TINGGI', 'SESUAI'),
(60, 60, 79, '2019-05-23 10:49:05', '00501807', 'Nuryanto', 'L', 53, 60, 'TINGGI', 'TINGGI', 'SESUAI'),
(61, 61, 80, '2019-05-23 10:49:05', '01830004', 'Syamsul Rizal', 'L', 59, 92, 'TINGGI', 'TINGGI', 'SESUAI'),
(62, 62, 81, '2019-05-23 10:49:05', '01802149', 'Sri Hatarani', 'P', 75, 100, 'TINGGI', 'SEDANG', 'TIDAK SESUAI'),
(63, 63, 86, '2019-05-23 10:49:05', '01435851', 'Suhartono', 'L', 53, 60, 'TINGGI', 'TINGGI', 'SESUAI'),
(64, 64, 87, '2019-05-23 10:49:05', '01196122', 'Amalia Ratna', 'P', 32, 10, 'RENDAH', 'RENDAH', 'SESUAI'),
(65, 65, 91, '2019-05-23 10:49:05', '01774677', 'Rasiyem', 'P', 70, 15, 'SEDANG', 'RENDAH', 'TIDAK SESUAI'),
(66, 66, 93, '2019-05-23 10:49:05', '01815274', 'Ramelan', 'L', 53, 44, 'TINGGI', 'SEDANG', 'TIDAK SESUAI'),
(67, 67, 98, '2019-05-23 10:49:05', '01800558', 'Sutarmi', 'P', 54, 100, 'TINGGI', 'SEDANG', 'TIDAK SESUAI'),
(68, 68, 103, '2019-05-23 10:49:05', '01114424', 'Tri Astuti', 'P', 33, 10, 'RENDAH', 'RENDAH', 'SESUAI'),
(69, 69, 104, '2019-05-23 10:49:05', '01764415', 'Waliyem', 'P', 67, 20, 'SEDANG', 'SEDANG', 'SESUAI'),
(70, 70, 106, '2019-05-23 10:49:05', '01822213', 'Yulius Agus Sutopo', 'L', 50, 60, 'TINGGI', 'TINGGI', 'SESUAI'),
(71, 71, 107, '2019-05-23 10:49:05', '01788214', 'Nur Rahmatilah', 'P', 25, 10, 'RENDAH', 'RENDAH', 'SESUAI'),
(72, 72, 109, '2019-05-23 10:49:05', '01777828', 'Retvi Arshanti', 'P', 20, 10, 'RENDAH', 'RENDAH', 'SESUAI'),
(73, 73, 112, '2019-05-23 10:49:05', '01824949', 'Etty Lestari', 'P', 57, 100, 'TINGGI', 'SEDANG', 'TIDAK SESUAI'),
(74, 74, 113, '2019-05-23 10:49:05', '01816484', 'Siti Maesaroh', 'P', 28, 10, 'RENDAH', 'RENDAH', 'SESUAI'),
(75, 75, 114, '2019-05-23 10:49:05', '01823292', 'Intando Reasi Supriyani', 'P', 26, 10, 'RENDAH', 'RENDAH', 'SESUAI'),
(76, 76, 119, '2019-05-23 10:49:05', '01817382', 'Sugiharto', 'L', 66, 60, 'TINGGI', 'TINGGI', 'SESUAI'),
(77, 77, 120, '2019-05-23 10:49:05', '01329777', 'Marlina Wulansari', 'P', 33, 10, 'RENDAH', 'RENDAH', 'SESUAI'),
(78, 78, 121, '2019-05-23 10:49:05', '01509860', 'Suyatno Stephanus', 'L', 75, 60, 'TINGGI', 'TINGGI', 'SESUAI'),
(79, 79, 122, '2019-05-23 10:49:05', '01774654', 'Galuh Arifin Syad', 'P', 23, 10, 'RENDAH', 'RENDAH', 'SESUAI'),
(80, 80, 123, '2019-05-23 10:49:05', '01722850', 'Ratna Apriliani', 'P', 22, 10, 'RENDAH', 'RENDAH', 'SESUAI'),
(81, 81, 125, '2019-05-23 10:49:05', '01829868', 'Agus Sugiyarno', 'L', 55, 86.6667, 'TINGGI', 'TINGGI', 'SESUAI'),
(82, 82, 2, '2019-05-23 10:49:05', '01840400', 'Ardytiawarman GA', 'L', 32, 10, 'RENDAH', 'RENDAH', 'SESUAI');

-- --------------------------------------------------------

--
-- Table structure for table `tb_variabel`
--

CREATE TABLE `tb_variabel` (
  `id_variabel` int(4) NOT NULL,
  `nama_variabel` varchar(30) NOT NULL,
  `keterangan` text NOT NULL,
  `kelompok` int(1) NOT NULL
) ENGINE=InnoDB DEFAULT CHARSET=latin1;

--
-- Dumping data for table `tb_variabel`
--

INSERT INTO `tb_variabel` (`id_variabel`, `nama_variabel`, `keterangan`, `kelompok`) VALUES
(1, 'Gender', 'Gender Pasien', 1),
(2, 'Usia', 'Umur', 2),
(3, 'Tekanan Darah', 'Nilai Tekanan Darah (Sistol)', 3),
(4, 'Treatment Hipertensi', 'Menjalani Pengobatan Hipertensi', 4),
(5, 'Merokok', 'Smoker / Perokok', 5),
(6, 'Gula Darah', 'Memiliki kadar gula darah Tinggi (Diabet)', 6),
(7, 'BMI', 'Body Mass Index', 7);

--
-- Indexes for dumped tables
--

--
-- Indexes for table `tb_diagnosa`
--
ALTER TABLE `tb_diagnosa`
  ADD PRIMARY KEY (`id_diagnosa`),
  ADD KEY `id_diagnosa` (`id_diagnosa`,`nama_diagnosa`);

--
-- Indexes for table `tb_hasil`
--
ALTER TABLE `tb_hasil`
  ADD PRIMARY KEY (`id_hasil`),
  ADD KEY `id_hasil` (`id_hasil`,`id_periksa`,`id_diagnosa`,`z_score`),
  ADD KEY `id_diagnosa` (`id_diagnosa`),
  ADD KEY `id_periksa` (`id_periksa`);

--
-- Indexes for table `tb_hasil_periksa`
--
ALTER TABLE `tb_hasil_periksa`
  ADD PRIMARY KEY (`id_hasil_periksa`),
  ADD KEY `id_hasil_periksa` (`id_hasil_periksa`,`id_periksa`,`id_variabel`,`id_keanggotaan`,`mem_func`),
  ADD KEY `id_keanggotaan` (`id_keanggotaan`),
  ADD KEY `id_variabel` (`id_variabel`),
  ADD KEY `id_periksa` (`id_periksa`);

--
-- Indexes for table `tb_keanggotaan`
--
ALTER TABLE `tb_keanggotaan`
  ADD PRIMARY KEY (`id_keanggotaan`),
  ADD KEY `id_keanggotaan` (`id_keanggotaan`,`id_variabel`,`keterangan`,`b_bawah`,`b_tengah`,`b_atas`),
  ADD KEY `id_variabel` (`id_variabel`);

--
-- Indexes for table `tb_kesimpulan`
--
ALTER TABLE `tb_kesimpulan`
  ADD PRIMARY KEY (`id_kesimpulan`);

--
-- Indexes for table `tb_login`
--
ALTER TABLE `tb_login`
  ADD PRIMARY KEY (`username`),
  ADD KEY `username` (`username`,`password`,`stts`),
  ADD KEY `username_2` (`username`,`password`,`stts`);

--
-- Indexes for table `tb_periksa`
--
ALTER TABLE `tb_periksa`
  ADD PRIMARY KEY (`id_periksa`),
  ADD KEY `id_periksa` (`id_periksa`,`username`,`var_sistol`,`var_diastol`,`var_GD`,`var_smoker`,`var_BMI`,`var_usia`,`var_gender`,`tgl_test`),
  ADD KEY `id_user` (`username`),
  ADD KEY `id_periksa_2` (`id_periksa`,`username`,`var_gender`,`var_usia`,`var_sistol`,`var_diastol`,`var_HT`,`var_smoker`,`GD`,`var_GD`,`tinggi`,`berat`,`var_BMI`,`tgl_test`,`valid`);

--
-- Indexes for table `tb_petugas`
--
ALTER TABLE `tb_petugas`
  ADD PRIMARY KEY (`id_petugas`),
  ADD KEY `id_petugas` (`id_petugas`,`username`,`nama`,`img`,`gender`,`hp`),
  ADD KEY `username` (`username`);

--
-- Indexes for table `tb_rule`
--
ALTER TABLE `tb_rule`
  ADD PRIMARY KEY (`id_rule`);

--
-- Indexes for table `tb_user`
--
ALTER TABLE `tb_user`
  ADD PRIMARY KEY (`id_user`),
  ADD KEY `id_user` (`id_user`,`username`,`nama_lengkap`,`alamat_lengkap`,`gender`,`tempat`,`tgl_lahir`,`img`,`no_hp`,`email`),
  ADD KEY `username` (`username`),
  ADD KEY `id_user_2` (`id_user`,`username`,`nama_lengkap`,`alamat_lengkap`,`gender`,`tempat`,`tgl_lahir`,`img`,`no_hp`,`email`,`active`);

--
-- Indexes for table `tb_validasi`
--
ALTER TABLE `tb_validasi`
  ADD PRIMARY KEY (`id_validasi`),
  ADD KEY `id_validasi` (`id_validasi`,`id_kesimpulan`,`id_periksa`,`tgl_test`,`username`,`nama_lengkap`,`jenis_kelamin`,`usia`,`z_total`,`nama_diagnosa`,`validasi_pakar`,`keterangan`),
  ADD KEY `id_periksa` (`id_periksa`),
  ADD KEY `id_kesimpulan` (`id_kesimpulan`);

--
-- Indexes for table `tb_variabel`
--
ALTER TABLE `tb_variabel`
  ADD PRIMARY KEY (`id_variabel`),
  ADD KEY `id_variabel` (`id_variabel`,`nama_variabel`);

--
-- AUTO_INCREMENT for dumped tables
--

--
-- AUTO_INCREMENT for table `tb_diagnosa`
--
ALTER TABLE `tb_diagnosa`
  MODIFY `id_diagnosa` int(5) NOT NULL AUTO_INCREMENT, AUTO_INCREMENT=5;

--
-- AUTO_INCREMENT for table `tb_hasil`
--
ALTER TABLE `tb_hasil`
  MODIFY `id_hasil` int(11) NOT NULL AUTO_INCREMENT, AUTO_INCREMENT=326;

--
-- AUTO_INCREMENT for table `tb_hasil_periksa`
--
ALTER TABLE `tb_hasil_periksa`
  MODIFY `id_hasil_periksa` int(11) NOT NULL AUTO_INCREMENT, AUTO_INCREMENT=3044;

--
-- AUTO_INCREMENT for table `tb_keanggotaan`
--
ALTER TABLE `tb_keanggotaan`
  MODIFY `id_keanggotaan` int(10) NOT NULL AUTO_INCREMENT, AUTO_INCREMENT=19;

--
-- AUTO_INCREMENT for table `tb_kesimpulan`
--
ALTER TABLE `tb_kesimpulan`
  MODIFY `id_kesimpulan` int(8) NOT NULL AUTO_INCREMENT, AUTO_INCREMENT=83;

--
-- AUTO_INCREMENT for table `tb_periksa`
--
ALTER TABLE `tb_periksa`
  MODIFY `id_periksa` int(10) NOT NULL AUTO_INCREMENT, AUTO_INCREMENT=136;

--
-- AUTO_INCREMENT for table `tb_petugas`
--
ALTER TABLE `tb_petugas`
  MODIFY `id_petugas` int(10) NOT NULL AUTO_INCREMENT, AUTO_INCREMENT=4;

--
-- AUTO_INCREMENT for table `tb_rule`
--
ALTER TABLE `tb_rule`
  MODIFY `id_rule` int(11) NOT NULL AUTO_INCREMENT, AUTO_INCREMENT=433;

--
-- AUTO_INCREMENT for table `tb_user`
--
ALTER TABLE `tb_user`
  MODIFY `id_user` int(11) NOT NULL AUTO_INCREMENT, AUTO_INCREMENT=139;

--
-- AUTO_INCREMENT for table `tb_validasi`
--
ALTER TABLE `tb_validasi`
  MODIFY `id_validasi` int(11) NOT NULL AUTO_INCREMENT, AUTO_INCREMENT=83;

--
-- AUTO_INCREMENT for table `tb_variabel`
--
ALTER TABLE `tb_variabel`
  MODIFY `id_variabel` int(4) NOT NULL AUTO_INCREMENT, AUTO_INCREMENT=8;

--
-- Constraints for dumped tables
--

--
-- Constraints for table `tb_hasil`
--
ALTER TABLE `tb_hasil`
  ADD CONSTRAINT `tb_hasil_ibfk_1` FOREIGN KEY (`id_diagnosa`) REFERENCES `tb_diagnosa` (`id_diagnosa`) ON DELETE CASCADE ON UPDATE CASCADE,
  ADD CONSTRAINT `tb_hasil_ibfk_2` FOREIGN KEY (`id_periksa`) REFERENCES `tb_periksa` (`id_periksa`) ON DELETE CASCADE ON UPDATE CASCADE;

--
-- Constraints for table `tb_hasil_periksa`
--
ALTER TABLE `tb_hasil_periksa`
  ADD CONSTRAINT `tb_hasil_periksa_ibfk_1` FOREIGN KEY (`id_variabel`) REFERENCES `tb_variabel` (`id_variabel`) ON DELETE CASCADE ON UPDATE CASCADE,
  ADD CONSTRAINT `tb_hasil_periksa_ibfk_2` FOREIGN KEY (`id_keanggotaan`) REFERENCES `tb_keanggotaan` (`id_keanggotaan`) ON DELETE CASCADE ON UPDATE CASCADE,
  ADD CONSTRAINT `tb_hasil_periksa_ibfk_3` FOREIGN KEY (`id_periksa`) REFERENCES `tb_periksa` (`id_periksa`) ON DELETE CASCADE ON UPDATE CASCADE;

--
-- Constraints for table `tb_keanggotaan`
--
ALTER TABLE `tb_keanggotaan`
  ADD CONSTRAINT `tb_keanggotaan_ibfk_1` FOREIGN KEY (`id_variabel`) REFERENCES `tb_variabel` (`id_variabel`) ON DELETE CASCADE ON UPDATE CASCADE;

--
-- Constraints for table `tb_periksa`
--
ALTER TABLE `tb_periksa`
  ADD CONSTRAINT `tb_periksa_ibfk_1` FOREIGN KEY (`username`) REFERENCES `tb_user` (`username`) ON DELETE CASCADE ON UPDATE CASCADE;

--
-- Constraints for table `tb_petugas`
--
ALTER TABLE `tb_petugas`
  ADD CONSTRAINT `tb_petugas_ibfk_1` FOREIGN KEY (`username`) REFERENCES `tb_login` (`username`) ON DELETE CASCADE ON UPDATE CASCADE;

--
-- Constraints for table `tb_user`
--
ALTER TABLE `tb_user`
  ADD CONSTRAINT `tb_user_ibfk_1` FOREIGN KEY (`username`) REFERENCES `tb_login` (`username`) ON DELETE CASCADE ON UPDATE CASCADE;

--
-- Constraints for table `tb_validasi`
--
ALTER TABLE `tb_validasi`
  ADD CONSTRAINT `tb_validasi_ibfk_1` FOREIGN KEY (`id_periksa`) REFERENCES `tb_periksa` (`id_periksa`) ON DELETE CASCADE ON UPDATE CASCADE,
  ADD CONSTRAINT `tb_validasi_ibfk_2` FOREIGN KEY (`id_kesimpulan`) REFERENCES `tb_kesimpulan` (`id_kesimpulan`) ON DELETE CASCADE ON UPDATE CASCADE;
COMMIT;

/*!40101 SET CHARACTER_SET_CLIENT=@OLD_CHARACTER_SET_CLIENT */;
/*!40101 SET CHARACTER_SET_RESULTS=@OLD_CHARACTER_SET_RESULTS */;
/*!40101 SET COLLATION_CONNECTION=@OLD_COLLATION_CONNECTION */;
